name,id,publisher,video
Society,127323087,Neomarbilan,https://www.youtube.com/watch?v=3CoEaH1CM7o
Thinking Space II,119544028,CairoX,https://www.youtube.com/watch?v=CELNmHwln_c
Amethyst,119550490,iMist,https://www.youtube.com/watch?v=4lfkzz1VCbA
Flamewall,126242564,Narwall,https://www.youtube.com/watch?v=x4Io4zkWVRw
Tidal Wave,86407629,OniLinkGD,https://www.youtube.com/watch?v=9fsZ014qB3s
Green Bullet,142896409,CherryTeam,https://youtu.be/JG-qcvVkZFw?si=K_P4MawR0G4u5mt0
ORBIT,133175713,MindCap,https://www.youtube.com/watch?v=QKcv8DkNPd0
Antarctic Lights,144988390,declanlc,https://www.youtube.com/watch?v=Uue4ZRhVf-I
Nullscapes,109780665,ItzKiba,https://www.youtube.com/watch?v=EztneTPp5CU
Quanteuse processing,117692518,Renn241,https://www.youtube.com/watch?v=j5NC0u1Q91Q
BOOBAWAMBA,110816181,akunakun,https://www.youtube.com/watch?v=20fYiqLAo_E
The Bloop,135661111,murkkat,https://www.youtube.com/watch?v=ROuXHSKEhHA
Every End,116174063,MindCap,https://www.youtube.com/watch?v=AO--mVVFtKI
Ashley Wave Trials,62912799,oddmod,https://www.youtube.com/watch?v=aTxt76U3e2Q
Silent clubstep,4125776,TheRealSailent,https://www.youtube.com/watch?v=GR4OMkS3SN8
Ultra Paracosm,138704906,declanlc,https://youtu.be/4V24spYQWuE?si=n4Fq0ruT3bSFK4M8
Penumbral,134942736,CherryTeam,https://youtu.be/nVHPFf13M-I?si=zNulBrekPbU0q6aA
andromeda,114283297,Insxne97,https://www.youtube.com/watch?v=mk3TDemdkC0
KILLSTEALER,138781722,Rynoxious,https://youtu.be/uhH4oqWrsfo
Subsuming Vortex,127997391,Cursed,https://www.youtube.com/watch?v=0eYG1ogJpIQ
Anathema,112313819,nikroplays,https://www.youtube.com/watch?v=_uKwmjHmySI
Avernus,89496627,PockeWindfish,https://www.youtube.com/watch?v=16Zh8jssanc
Acheron,73667628,ryamu,https://www.youtube.com/watch?v=sBKR6aUorzA
Spectre,110815379,xander556,https://www.youtube.com/watch?v=MzsSLKJrLSI
Menace,107805281,Arraegen,https://www.youtube.com/watch?v=nnkgghxxsEE
Abyss of Darkness,49896559,Exen,https://www.youtube.com/watch?v=ejJkpqcMMCY
Defeated Circles,120012581,GXQ,https://www.youtube.com/watch?v=nU5AQPzd2YA
FOREST OF SPIKES,145709435,bims,https://www.youtube.com/watch?v=WJYh3dW8Bfo
Tunnel of Despair,91351939,Exen,https://www.youtube.com/watch?v=LpS4JREhW98
Kyouki,86018142,Demishio,https://www.youtube.com/watch?v=KDa5c0CJTHs
Sacrifice,141052363,Laniakea,https://www.youtube.com/watch?v=Sth67PA8XBU
Based After Based,110534288,akunakun,https://www.youtube.com/watch?v=yQBFyUvB3lY
cognitohazard,130891319,MercuryDT,https://www.youtube.com/watch?v=T5g0r16X_ZA
The Lightning Rod,93917076,lavatrex,https://www.youtube.com/watch?v=nQDTi077O6M
Maniacal Chains,48991380,LordDivinity,https://youtu.be/TzeMJeIu6bY?si=ow6V_u4f-QC82dR1
Slaughterhouse ,27690100,icedcave,https://www.youtube.com/watch?v=kpcF1-QAHQc
Subterminal Point,113599729,SyQual,https://www.youtube.com/watch?v=h2wmRMgACH4
KOCMOC,87665224,CherryTeam,https://www.youtube.com/watch?v=2CxE-UWCIG4
BEING HOME,130327668,Turtl123,https://www.youtube.com/watch?v=kt7FnUzK8CY
Deimos (ItsHybrid),93091893,ItsHybrid,https://www.youtube.com/watch?v=b2yHaIk5zio
CHIL,114281093,McCoco,https://www.youtube.com/watch?v=DROMiCc2ZRM
zorin,134541844,SnowEye,https://www.youtube.com/watch?v=U19vmpenb9g&t=2s
Prismline,135148907,itsharryy,https://www.youtube.com/watch?v=pIHOHz3i0Rw
Sakupen Circles,76962930,Diamond,https://www.youtube.com/watch?v=ofG2mJi9kEA
The Salt Factory,113045735,Nickname,https://www.youtube.com/watch?v=lQ7M-Sgov24
Master of Puppets,136396693,TheZinkYT,https://youtu.be/JBZ-lrBgkl0?si=bzGpi-4cvwfpc4m0
Silentlocked,113959291,Skele,https://www.youtube.com/watch?v=O-IQeUdEGvI
Eyes in the Water,95851008,nothawkyre,https://www.youtube.com/watch?v=yvLwiOy3KEA
Voltage (ThePurgatory),131599104,ThePurgatory115,https://www.youtube.com/watch?v=wBRvBN9tmlc
KOSETSU,109439644,fwefwe,https://www.youtube.com/watch?v=hZ8vFX8z_BU
Through The Gates,49072489,TeamTheDashers,https://youtu.be/4yHA6jux5UI?si=jjdP4iJS4zftkoM7
Firework,75206202,Trick,https://www.youtube.com/watch?v=QBe5x2o9v2w
NOMAD,115077305,reesevt,https://youtu.be/H2TkHbEX__A?is=cxYQOVuuCjA_yzus
Snowbound,120289520,Amplitron,https://www.youtube.com/watch?v=cjHwgbtAkXU
CONVULSION,113322063,Stellar,https://www.youtube.com/watch?v=qeRKuyU3eGI
NervHell,143718114,ASVTeam,https://www.youtube.com/watch?v=1zrvPgDAoaA
poocubed,85133223,Lisp,https://www.youtube.com/watch?v=fzL31vai1ms
Calibrate,136981369,Bamvie,https://youtu.be/6WYnZryX_mg
MINUSdry,89414220,CDMusic,https://www.youtube.com/watch?v=YvA8ehhzz0Q&t=116s
Saul Goodman,90477539,Renn241,https://www.youtube.com/watch?v=hjs5PjUaw9k
Apocalyptic Trilogy,113443235,APTeamOfficial,https://www.youtube.com/watch?v=RUBbpsTR5eU
Sevvend Clubstep,120255728,CherryTeam,https://www.youtube.com/watch?v=TvA8EJTJFCc
The Hallucination,81139702,SyQual,https://www.youtube.com/watch?v=tYbXsNkO9HE
Pinnacle of Life,144012996,skzyl,https://www.youtube.com/watch?v=gQl5iY1ekyE
COMBUSTION,94359172,Cersia,https://www.youtube.com/watch?v=3cTR4XUcA28
Haunted Ship,143523624,AWESOMEME360,https://www.youtube.com/watch?v=22l59QGmL48
Loops of Fury,126571887,Enfur,https://www.youtube.com/watch?v=9HBG3i5zbw8
Deadlier Clubstep,96314787,herozombie80,https://www.youtube.com/watch?v=eRhgaF0r5Q0
Stellar Night,83244159,icedcave,https://youtu.be/XpBY-eMYZTE?is=B3tyElDHn5wS1Grm
Edge of Destiny,89187968,CDMusic,https://www.youtube.com/watch?v=rUphe3H59yU
Losing Your Mind,139508889,GalaxyGaming,https://www.youtube.com/watch?v=LXp7t5gjyX8
Solar Flare,90390075,Lin,https://www.youtube.com/watch?v=eHQNgty8ypY
The Catacombs,104232191,Cersia,https://youtu.be/T9-75lfKVQg
LIMBO,86084399,MindCap,https://www.youtube.com/watch?v=kXYMbaMVOZg
Gaggatrondra,114990369,MoistyJc,https://www.youtube.com/watch?v=A4G41vw6Cf0
Make Paul Dance,115860808,Bemq,https://www.youtube.com/watch?v=XQoF35hNKpg
Belladonna,94969889,CherryTeam,https://www.youtube.com/watch?v=saHSgoU1JQQ
Codependence,62556400,TCTeam,https://www.youtube.com/watch?v=IKGk41hSnDo
Collapse (Nexel),113256247,Nexel,https://www.youtube.com/watch?v=RCFpXyf6bn0
Mayhem,82544060,LordVadercraft,https://www.youtube.com/watch?v=U6e6DD32noM
CHROMACAVE,131497860,HappyMoby,https://www.youtube.com/watch?v=tfpsMZI6z-o
The Plunge,113220284,DolaLXM,https://www.youtube.com/watch?v=8gW1-_u1K0Y
Fracture,99703915,Arrow,https://youtu.be/R_-chk3SRFI?si=kKyYmZcpNtfXwNT3
Wavterminal,128093374,Skyavoxii ✧,https://www.youtube.com/watch?v=dlvsCE3xYkQ
walter white,81011195,Renn241,https://www.youtube.com/watch?v=KzK62PkWOJ0
Infinite Chaos,119689515,CairoX,https://www.youtube.com/watch?v=wOMVERxU5IA
BRITNEY NO SCLEARS,125317359,wabas,https://www.youtube.com/watch?v=ff_mQSXwjhU
Operation Evolution,114999625,Halzion,https://www.youtube.com/watch?v=WsVF-ayipvY
Damascus,93339534,Dzeser,https://www.youtube.com/watch?v=MWQyCUGt76Y
Decks Dark,95719795,MadisonYuko,https://www.youtube.com/watch?v=l52ApE4HWkY
SARYYX NEVER CLEAR,95998005,artos,https://www.youtube.com/watch?v=rRlyvmjcz_4
The Yangire,110500920,Dorami,https://www.youtube.com/watch?v=V3FjIorIfWg
Climax,95049815,HushLC,https://www.youtube.com/watch?v=E4ppq2WeAAs
ORDINARY,105593215,vit12,https://www.youtube.com/watch?v=4QiHP3jpGnk
TrakineS,125788781,Laranjoo,https://youtu.be/oKuoI-_JzKU?si=hd9Sug5T9B4bpDBh
Sinister Silence,82249742,Wahffle,https://www.youtube.com/watch?v=dJCdTMQxHMo
THE JET ENGINE,122941596,Billzer,https://www.youtube.com/watch?v=8Q20XU__LoQ
Trickshot,136135870,vonic,https://www.youtube.com/watch?v=IMLjnmnIWRc
Midnight,96083028,MadisonYuko,https://www.youtube.com/watch?v=NhkN_a9cNi8
Doppler,133489881,At424,https://www.youtube.com/watch?v=xSP43i61SLM
Cimmerian Shade,93340783,spcreat,https://www.youtube.com/watch?v=lUNvV1k19HA
PSYCHOPATH (DeniPol),103925676,DeniPol,https://www.youtube.com/watch?v=1luL7tTE8p8
arcturus,72315402,maxfs,https://www.youtube.com/watch?v=a_Bqa8l9Xtc
Diabolic ClubStep,73214186,Sevant,https://youtu.be/BN7DxkMaQfg?si=8JHghL6enMxD2wjW
BEELINE,93792764,Galaxxyss,https://www.youtube.com/watch?v=nt6T9YDb6gw
DreamStep,129235528,Blaster,https://youtu.be/EK5-0OB1tmc
Sonic Wave Infinity,69685815,APTeamOfficial,https://www.youtube.com/watch?v=C3-l_fFikpQ
Tartarus,59075347,-,https://www.youtube.com/watch?v=JptG7rwti1U
Coalescence,108708033,Amplitron,https://www.youtube.com/watch?v=do-a2EzZ4R8
Waterfall,110991117,CherryTeam,https://www.youtube.com/watch?v=VKuVdqneG9Y
Jigsaw,95031870,NEKONGAMES,https://www.youtube.com/watch?v=FPfSqlI0T30
Delta,93917362,Drakosa,https://www.youtube.com/watch?v=_rr3J8DkIm4
Between Duality,137757402,Nexel,https://www.youtube.com/watch?v=uOb-ajQ4bgw
BPATA MPAKA,109947627,Inex,https://www.youtube.com/watch?v=sSbHYzYgYfA
The Wonder of You,94858072,HangerLord,https://youtu.be/iQ3RzYCvLvA
Natural Disaster,107741051,Laser,https://www.youtube.com/watch?v=_0GqdSFmG_8
Dualist,130464801,Sync,https://www.youtube.com/watch?v=6ntYaDqBqu4
Sanctity,135547923,Amplitron,https://www.youtube.com/watch?v=rtU2oDBz9X0
The Golden,60978746,-,https://www.youtube.com/watch?v=wpS5PSHmji0
Oblivion,71025973,dice88,https://www.youtube.com/watch?v=ZcmDAm50BB0
Viprin UFO,107238250,nothawkyre,https://www.youtube.com/watch?v=LTMW9Py-nHE
NETWORK (Agat3),95176417,Agat3,https://www.youtube.com/watch?v=K7wJi01J5D8
Terminal Rampancy,90057148,Xyriak,https://www.youtube.com/watch?v=29hRhhqQTLc
Verdant Landscape,76543324,Nisha,https://www.youtube.com/watch?v=wjZxkS5KC0A
Levigo,97086864,Swib,https://www.youtube.com/watch?v=AROmUo7DNkE
Heavenly Sakupen,123467310,YouknowwhoGD,https://www.youtube.com/watch?v=4uwSVZBrtfg
UNKNOWN,88203501,NineDice,https://www.youtube.com/watch?v=a1sQxQqU6EM
ATOMIC CANNON Mk III,104672501,LIEB,https://www.youtube.com/watch?v=xlAI_wVvnx8
SPIRIT OVERCLOCK,132751236,TheRealXFuture,https://www.youtube.com/watch?v=WECBlbM0LJk
Shukketsu,75286957,MadisonYuko,https://www.youtube.com/watch?v=nkG4hKJIz2g
idontknowwhatthisis,137334994,YeldA,https://youtu.be/Dg9Q6s8EOlg?si=uJNh7Kx0dJ2PdbAu
Checked Steam,105748155,gruzy,https://www.youtube.com/watch?v=cq6047eYGXs
Critical Heat,88442157,Zeniux,https://www.youtube.com/watch?v=UjYIt2jy_BY
WOBBLING MACHINE,87130877,Smarted,https://www.youtube.com/watch?v=RKX6VOsICOg
Crystal Crusher,93732702,Zeniux,https://www.youtube.com/watch?v=qirwgz-haVQ
limbo but uwu ig idk,110705712,akunakun,https://www.youtube.com/watch?v=3B36N-qfOD8
Graceful,71885708,D a G,https://www.youtube.com/watch?v=5kOD37vQHKE
paranoia (amplitron),113364415,Amplitron,https://youtu.be/Aw83i8Zmh_0?si=-UbEpfTZGz9Y6IYr
Starlit Stroll,115380769,Enfur,https://www.youtube.com/watch?v=U7MM74dTXuI
The Paroxysm of Rage,87071894,Zacanaii,https://www.youtube.com/watch?v=nq3i1qJQeEk
Blood Echo,112242564,farva,https://www.youtube.com/watch?v=fSvk4tLlQzQ
Aerial Gleam,79771070,Endlevel,https://www.youtube.com/watch?v=eyZjKtrGVYw
DISCONNECT,127023313,MCres,https://www.youtube.com/watch?v=HxHo-LzwSao
VOID,100990392,nikoberry,https://www.youtube.com/watch?v=kN1FUoucoSc
Henken,80714349,Plolek,https://www.youtube.com/watch?v=M--2oQKrV68
Trueffet,71434979,SyQual,https://www.youtube.com/watch?v=yHESkazVD4Q
azure blast,120060187,AlbinoSnail,https://www.youtube.com/watch?v=TN0FQ3KBv4w
Kenos,58673581,npesta,https://www.youtube.com/watch?v=Bs1kVySdUtI
Fragile,65588448,Endlevel,https://www.youtube.com/watch?v=XfXzGv0oALw
chrome hearts,128385946,Roadbose,https://www.youtube.com/watch?v=7o3I45B8-yY
Starlight Summit,114530859,hazelmrow,https://www.youtube.com/watch?v=LB9xx41M4Ns
Esfera,78435955,SyQual,https://www.youtube.com/watch?v=GK0Z8rgziH4
Silent Lunch,137586316,DreamTide,https://youtu.be/V8pu6Rrer8M?si=TLoVgQ8rQd4l-N3d
Destruction 19,99495619,bosjoker,https://www.youtube.com/watch?v=UUyzGg_4mqs
in this,122389640,enci,https://www.youtube.com/watch?v=gQiOdxOyNGg
NEUTRA,88611404,Jenkins,https://www.youtube.com/watch?v=0fNBFwNS1qg&t=147s
ROCKBOTTOM,122196131,bims,https://www.youtube.com/watch?v=HAyxOJ1XuBk
Dark Dimension,125617849,ThePurgatory115,https://www.youtube.com/watch?v=g2DrT9bHjOI
Swing Swing,112231282,Kaza,https://www.youtube.com/watch?v=_hL9hFU3WI4
Guideless Goobering,105625871,Enfur,https://www.youtube.com/watch?v=pFxdGKYQrcg
Hard Machine,72744364,Komp,https://www.youtube.com/watch?v=z3grmsqAaas
DISSONANCE,108141323,ivyteal,https://www.youtube.com/watch?v=IfFser-f9c0
Crackhead Circles,95524621,AlrexX,https://www.youtube.com/watch?v=_4MDq8Us5gM
Time Lapse,97705490,HappyMoby,https://www.youtube.com/watch?v=MnI1mM_wjzc
Zodiac,52374843,BIANOX,https://www.youtube.com/watch?v=N4QjElo58_o
Lotus Flower,75813671,StarkytheSalad,https://www.youtube.com/watch?v=pTgOHcwJhd0
Scream Machine,96035641,TMco,https://www.youtube.com/watch?v=n-KeSGEX7Jg
Axinie,107299600,SaturMan,https://www.youtube.com/watch?v=LjfO2fqnozI
GLUNGUS ADVENTURES,138615726,bims,https://youtu.be/0a2BX5I3v94?si=eE14-CAmgCMe_aUw
IRIS,123853954,Kaza,https://www.youtube.com/watch?v=WiFwAU8pgr4
Judgement Knights,110913375,HangerLord,https://www.youtube.com/watch?v=MzzY8nWfxnk
Goober Rage Stage,130183035,bonscarrot,https://www.youtube.com/watch?v=1rrouUCPXhY
BLITZ,137248479,chloechu,https://youtu.be/p5NquHWeWZ0?si=JYNESXzuIZ8OzhZc
Widestep,69289606,Demishio,https://www.youtube.com/watch?v=TN8fHN_XV3o&t=76s
Lithium,97364686,l4tezk,https://www.youtube.com/watch?v=mvBPeefG-a0
Keres,74391640,ItsHybrid,https://www.youtube.com/watch?v=MFFIjZP7PxQ
Galeforce,115313314,OniLinkGD,https://youtu.be/G6VF2Gvmpz0?si=_A3-Wgr5GD5Iguwd
Frost Spirit,95767653,Quaybus,https://www.youtube.com/watch?v=KXbaRnRpm58
Ascent,112046512,Rimexon,https://www.youtube.com/watch?v=sII8zQZIJlg
Cold Sweat,63996127,para,https://www.youtube.com/watch?v=tBpEPXGhQug
Promethean,69333212,Endlevel,https://www.youtube.com/watch?v=19kE_Yo8puE
Thinking Space,54953085,Atomic,https://www.youtube.com/watch?v=iHf2nanWjvE
Dry Out Copyable 2,106522770,tenzk,https://www.youtube.com/watch?v=FXW9J9CaREU
Calculator Core,58355141,Walroose,https://www.youtube.com/watch?v=VrgNFsF2NGw
Renevant,58161496,nikroplays,https://www.youtube.com/watch?v=2Y8kBw8YxO8
ConClusion,96471171,DreamZoneGD,https://www.youtube.com/watch?v=wpuPFFqnJFY
We Are Not The Same,90104288,mbed,https://www.youtube.com/watch?v=yLLd4mpeYC4
Trotil,94578424,CherryTeam,https://www.youtube.com/watch?v=kblnO7LfQn4
Disconnected Descent,118664383,TheSkeletonGMD,https://www.youtube.com/watch?v=TP7OAAVH-uA
shimmer (amplitron),94156085,Amplitron,https://www.youtube.com/watch?v=J89j-_l7ezg
Instinct (Krazyman50),94043690,Krazyman50,https://www.youtube.com/watch?v=6W3Gvi9ft0w
Sky Shredder,88136707,Dorvict,https://www.youtube.com/watch?v=Z-69-4RKRgk
Crimson Planet,45866767,TrueOmega,https://www.youtube.com/watch?v=euMInLjyG6k
DIRECTIONS,88233955,riley,https://www.youtube.com/watch?v=-SEgSgxpRxo
Ringy Paracosm,78745224,GDNacho,https://www.youtube.com/watch?v=RIDuh4IVGiw
Axiom Asterism,114340057,fil,https://www.youtube.com/watch?v=LnFdka3HekA
Cycles X,144087103,vortrox,https://www.youtube.com/watch?v=qUPPt5Eonss
Indivine,112586799,MercuryDT,https://www.youtube.com/watch?v=g2CVts-tX70
Cosmic Cyclone,76159410,APTeamOfficial,https://www.youtube.com/watch?v=0I9xCfTOpXg
Cognition,57600307,Endlevel,https://www.youtube.com/watch?v=enl0GOyskPs
Neon Skyline,88822041,reshiria,https://www.youtube.com/watch?v=HvGjIAeLv_8
CORRODERE,90597202,Moosh,https://www.youtube.com/watch?v=-V87Bh44lAU
ATOMIC CANNON Mk II,91180835,LIEB,https://www.youtube.com/watch?v=4-lOnZsfhNQ
qoUEO,81721025,GhostVandalf,https://www.youtube.com/watch?v=PJbfroH0sok
SARY NEVER CLEAR,33498127,Kugelblitz,https://www.youtube.com/watch?v=23u3SlwrOMw
Rigel,93155813,Dan2D,https://www.youtube.com/watch?v=CkDTr84FEpI
Scrubbabingo force,111193316,akunakun,https://www.youtube.com/watch?v=eT_izuCxGUU
Call Me Maybe,80178903,hawkyre,https://www.youtube.com/watch?v=Jc-98ND5OJk
ta1LSD0ll,115151904,ta1LSD0ll,https://www.youtube.com/watch?v=w-NH14vgMb8
RUST,71912451,neigefeu,https://www.youtube.com/watch?v=mEXGlrNMyR4
SAND SAILOR,88868682,Custi,https://www.youtube.com/watch?v=QPmzn9X77Uo
Gloxinia,110038200,solarion,https://www.youtube.com/watch?v=MJh_6Z5v6bM
meow hard,111862459,meowdead,https://www.youtube.com/watch?v=jOhGH2TckDA
Lucid Nightmares,52310333,CairoX,https://www.youtube.com/watch?v=G7hBE5qWx6M
NYUTOPIA,119829177,Tornabro,https://www.youtube.com/watch?v=TPyZKiTOUQA
Cobwebs,82172844,NineDice,https://www.youtube.com/watch?v=bgZ85rCaEGY
RUTHLESS,85612571,SurJaco,https://www.youtube.com/watch?v=9jwVeYtc6H4
Omega Interface,68654380,Platnuu,https://www.youtube.com/watch?v=sVngEgj0who
Coral Cave,90891227,AWESOMEME360,https://www.youtube.com/watch?v=kTOM1nSEF3I
DOUBLE DYNAMO,144845980,spark,https://www.youtube.com/watch?v=_5DDOxkhBhI
Launchpad Labyrinth,85426437,Moffe,https://www.youtube.com/watch?v=iqWi98ZSTEE
obsession,127336234,jbooster,https://www.youtube.com/watch?v=OjXKjQXnhjA
Tenkai,64100176,HidekiX,https://www.youtube.com/watch?v=AM2KHSZkjcc
SUPERHATEMEWORLD,57571983,icedcave,https://www.youtube.com/watch?v=fhmgZYCJ29M
Akashic Records,58150142,VoTcHi,https://www.youtube.com/watch?v=qnZnV6q-mt4
Shardscapes,79997992,ItzKiba,https://www.youtube.com/watch?v=wM-J6fLIs14
Sides Of My Mind,91042484,MaxxoRMeN,https://www.youtube.com/watch?v=d3d2KPVgCAk
Horros,85670310,Shrc,https://www.youtube.com/watch?v=OS46C-zvqDA
Ykds1479ymdppr,104464785,Kapycta999,https://www.youtube.com/watch?v=Wom_gMcauUI
Ragnarok,55624478,knobbelboy,https://www.youtube.com/watch?v=aGtXqn9HL2o
Pandemonium (Cersia),92583725,Cersia,https://www.youtube.com/watch?v=OKEHsJPaeQY
The Art of the Blade,82606722,mbed,https://www.youtube.com/watch?v=KSJl4A9eUW4
Descent Into Exile,77518059,GrenadeofTacos,https://www.youtube.com/watch?v=whtt_WkG_20
Deep Bass,96383663,Wesp,https://www.youtube.com/watch?v=5uu8xXgz_4s
Amalgam,95675702,XLSpiral,https://www.youtube.com/watch?v=82DDR2BjXSI
The Rupture,57828784,Ka1ns,https://www.youtube.com/watch?v=SaU454afkKY
Jupiter My Favourite,92466083,akunakun,https://www.youtube.com/watch?v=adVQ_yflcGM
Secret,127092681,issanagay,https://www.youtube.com/watch?v=JPfWUZgstl0
Magic,128549587,TheLasaga,https://www.youtube.com/watch?v=clkSCIpOiZQ
Silent Club,68600127,Luqualizer,https://www.youtube.com/watch?v=NjEiHIokTGM
Kappa,59800588,Armadeus,https://www.youtube.com/watch?v=eIfc1zUuOPU
Porridge Factory,127975974,pootys1337,https://www.youtube.com/watch?v=2AgtU6buxd4
no jokes,84507862,TheParadoxTeam,https://www.youtube.com/watch?v=oVhGYiQ8fBc
FARBIDI THEORY,103373693,TMco,https://www.youtube.com/watch?v=MQD6klwhcsM
Bloom,124037637,zodycoder,https://www.youtube.com/watch?v=oZTyTgeb7q4
BIRD MACHINE LANDS,113750365,bims,https://www.youtube.com/watch?v=orDKAfaML6k
LD50,103947139,StarkytheSalad,https://www.youtube.com/watch?v=2OiS9mVDlmQ
the ocean of fish,133286223,shmigels,https://youtu.be/dNHUg49I3sM
DsinK,98284764,stanstanmansan,https://www.youtube.com/watch?v=kYGpxnuyysk
Nabil Let Go,110965084,nab,https://youtu.be/IRYire6RkUg
BarbarosFinaleFinale,102712028,AWESOMEME360,https://www.youtube.com/watch?v=F32ekXnS3a4
Sank,112351854,Water,https://www.youtube.com/watch?v=6ZuEWp1dJ0c
Asterios,60870688,Exen,https://www.youtube.com/watch?v=YG3taML8WjA
Bloodlust,42584142,knobbelboy,https://www.youtube.com/watch?v=5SzKetF2btw
Escape Room,90420966,SleyGD,https://www.youtube.com/watch?v=2Z-7Yscs62c
Moving Forward,99692910,crohn44,https://youtu.be/nd6pOSWqS2g
Excruciation Chamber,93020424,spcreat,https://www.youtube.com/watch?v=BdkuNdFfY-o
Terminux,76865589,Aerae,https://www.youtube.com/watch?v=-UgocJ3WYn4
Twilight,90193093,MadisonYuko,https://www.youtube.com/watch?v=5bZ3RQP7fjs
CITRA,80966089,VARSE,https://www.youtube.com/watch?v=O_kYXvwqrWo
Disordered Stars,131712402,Javixed4,https://www.youtube.com/watch?v=LXjDUjq7NwA
IthacropoliX,80293947,BIGMAC77,https://www.youtube.com/watch?v=n4nbu_fZcf4
Awedsy,92132505,sink,https://www.youtube.com/watch?v=hx5ebE8e6Eo
Nhelv,68353244,guillester,https://www.youtube.com/watch?v=k117h9HUt6s
Gustavo Fring,80585951,Renn241,https://www.youtube.com/watch?v=OB0YiqyEp2E
TORN,91816388,Kyhros,https://www.youtube.com/watch?v=QUpzux7AoTI
MewneI,109447394,LightINovel,https://www.youtube.com/watch?v=yWfbbEbTK9w
Gracefully,88226064,NindyBK,https://www.youtube.com/watch?v=5RBn1nk5wb4
Deimos (EndLevel),52955167,Endlevel,https://www.youtube.com/watch?v=FgxsNzQnF5o
Jesse Pinkman,79918576,Renn241,https://www.youtube.com/watch?v=fYcBtp4X8GA
Congregation,68668045,Presta,https://www.youtube.com/watch?v=KVlcdvGYcj0
Sazerix,86787878,Zeptrus,https://www.youtube.com/watch?v=l8aBStUgYOs
Sigma,51657783,MindCap,https://www.youtube.com/watch?v=3INdO0esQRw
Pootis Engage XTREME,102243781,AAAAAlex,https://www.youtube.com/watch?v=2SqKRRphIVI
Aronia,60564010,Exen,https://www.youtube.com/watch?v=eJe3i5KyKOk
Exosphere,93247638,Doggie,https://www.youtube.com/watch?v=HRbBub341W4
untitled unmastered,82217720,para,https://www.youtube.com/watch?v=zzPsYgyU4n4
Pagoda,77669659,Seturan,https://www.youtube.com/watch?v=KVomsNjGalQ
Knights of Thunder,86412942,HangerLord,https://www.youtube.com/watch?v=npIZ8TGMDvk
X84,110791899,Xav,https://www.youtube.com/watch?v=ZzGVEmS5D8s
ATOMIC CANNON,77681476,LIEB,https://www.youtube.com/watch?v=VZS5Yn9Y-OI
Fog,90853661,notes,https://www.youtube.com/watch?v=Kt_fxnOYeco
Cicatrize,93941971,Wintter,https://www.youtube.com/watch?v=QfF3jgPQZk0
Dust Bowl,94120931,Iconic,https://www.youtube.com/watch?v=EXuxHOAAVrI
Ploink,96590328,Goobfrudla,https://www.youtube.com/watch?v=BV19Dg09LN0
Strabit,127865552,MyCatsHellaFat,https://www.youtube.com/watch?v=uKM_POfJU5s
Astrion,135703625,fil,https://www.youtube.com/watch?v=YO8qvEjbaxc
Ari Om,128938821,SnowEye,https://www.youtube.com/watch?v=63IWDGs6paM
SEVENTY SEVEN,124006227,InfernuZ,https://www.youtube.com/watch?v=D-CSfC1BnVY
Fragmented,71571300,Cersia,https://www.youtube.com/watch?v=RnLoliyy4k0
kowareta,46763581,Gablor,https://www.youtube.com/watch?v=wxWBFaZYHPM
FRIDAY,94107500,Metalface221,https://www.youtube.com/watch?v=YUoFhrN3aKw
End of the Universe,122636906,fusion425,https://www.youtube.com/watch?v=HMiw-XjS8Qs
Ouroboros,56703691,-,https://www.youtube.com/watch?v=hLTnewDC2Hs
CONNECT,95089240,MCres,https://www.youtube.com/watch?v=oo_PqnEHZvo
Visible Ray,48267315,Krampux,https://www.youtube.com/watch?v=hHpaB752peM
Ourwa,61598653,Demishio,https://www.youtube.com/watch?v=BImzHJnr5Ks
XRAY,99465112,Skele,https://www.youtube.com/watch?v=zk1G8Spw1hg
the wiener,91019161,Rynoxious,https://www.youtube.com/watch?v=rgMruLorH1c
Hardry,94928487,Kurai Yonaka,https://www.youtube.com/watch?v=59JlNpDlhH8
Apotheosis,123730441,Xav,https://www.youtube.com/watch?v=X261xjwc3HQ
EGO KILLING,90463207,ExactTeam,https://www.youtube.com/watch?v=xnCsfVFygC4
Frozen Cave,68908396,TheParadoxTeam,https://www.youtube.com/watch?v=BFaqgkw-Hg0
Dump,89513590,GiggsRH,https://www.youtube.com/watch?v=UDrCb0rzuQo&t=2s
SZYSLAK,84114885,Zeniux,https://www.youtube.com/watch?v=CUov9IB5wjg
Th3Dev0n,95929957,Zeptoz,https://www.youtube.com/watch?v=f7s6i0M1n-g
The Yandere,54615662,Dorami,https://www.youtube.com/watch?v=MN6Dra6yAys
2 Comme le vent,124596045,Astrala,https://www.youtube.com/watch?v=P7tLT3QEHw4
Death Corridor Z,38403655,Sunix,https://www.youtube.com/watch?v=9799msdH394
Arctic Lights,52919433,Metalface221,https://www.youtube.com/watch?v=yd5cH9nvDvg
PROTON LAUNCHER,108514663,Multiverse55,https://www.youtube.com/watch?v=Zps2ejald5g
Dedohexdragon,81998680,royen,https://www.youtube.com/watch?v=z_zegPqfqr4
ROCKY ROAD,113775365,arclight,https://www.youtube.com/watch?v=uQqB3cVh_AM
Plasma Pulse Finale,38655495,xSmokes,https://www.youtube.com/watch?v=xqzx9cu6XoA
CHROMA FINALE,72570152,Renn241,https://www.youtube.com/watch?v=ByJ9rz4-WUI
Spectrum Cyclone,59209010,Temp,https://www.youtube.com/watch?v=IN0XeMo2SmM
Icefall,92127272,fil,https://www.youtube.com/watch?v=9dy1afi-fo4
Storming Summit,76653933,Nimbus,https://www.youtube.com/watch?v=ymmMnZLpfQU
CRIDIUM,94390380,4yoet,https://www.youtube.com/watch?v=IS3AcckWUT8
Aquatic Auroras,60740290,Endlevel,https://www.youtube.com/watch?v=cD0zZ9OJkBE
REPENTLESS,87666648,Renn241,https://www.youtube.com/watch?v=-lexD6huBlg
Alpha,106362836,SirWafel,https://www.youtube.com/watch?v=x9s3nSRUM7A
Fever Dream (icedcave),57571964,icedcave,https://www.youtube.com/watch?v=Mc3vZeM_VYw
Shutdown,78164953,OliSW,https://www.youtube.com/watch?v=A-A6_ybDY2I
Retention Redux,133286402,gdNitrox,https://www.youtube.com/watch?v=aw1qnTn6BzM
Calamity,64766514,Awedsy,https://www.youtube.com/watch?v=PwOPRxp6KjY
Cersia Madness,83969616,Cersia,https://www.youtube.com/watch?v=vGHOD8OWgdY
Piano Woman,112998648,Pukklez,https://www.youtube.com/watch?v=xCc_h4grIvY
RAM,95440955,James,https://www.youtube.com/watch?v=5cl7WAQJKdY
GBS,95294285,Kapinapi,https://www.youtube.com/watch?v=zBmIYg2dpk4
nevermore,94761797,EidamGD,https://www.youtube.com/watch?v=VSxu7YnyGsQ
WORSTBRAINMAP,102144924,bims,https://www.youtube.com/watch?v=GWjIIFktU04
Technopunk,124028429,Interstellar,https://www.youtube.com/watch?v=Xt8K706XIvc
Midnight Tokyo,124249691,IRS Dorkage,https://www.youtube.com/watch?v=ALeB-Svv0BQ
Sparkling,77765367,MzeroGD,https://www.youtube.com/watch?v=4r9hkMxpiQw
of Ambrosia,81583127,Renn241,https://www.youtube.com/watch?v=0KtPsPVpj78
Mirrored Calamity,59157630,Nimbus,https://www.youtube.com/watch?v=5Wo0eFR8Lwk
Iris of a Puppeteer,89243963,Eternaswip,https://www.youtube.com/watch?v=DK3BShj1zYc
Requiem,52303420,-,https://www.youtube.com/watch?v=sRCQ1JjhBq4
Dance of the Violins,91595507,DrayTM,https://www.youtube.com/watch?v=PYwI_ODrrlw
Eternal Moment,59539361,Rainstorm,https://www.youtube.com/watch?v=FbPJ2fclXHQ
Edge of the World,83697006,l4tezk,https://www.youtube.com/watch?v=QWy1RnPDCWk
Ghoul,111751101,Xav,https://www.youtube.com/watch?v=W1kgdxV_8E0&t=48s
RANDOM ACCESS MEMORY,81372683,Acute,https://www.youtube.com/watch?v=2Lc4Vsbf1o0
SisuSonic,103035376,RpgRaketti,https://www.youtube.com/watch?v=epTEemVtIqY
Beyond Hell,77016475,fakeblast,https://www.youtube.com/watch?v=RRtIiUBaVo4
ConTroller,79619086,DreamZoneGD,https://www.youtube.com/watch?v=kXLBuSDagOE
SHIP,107725613,Cersia,https://www.youtube.com/watch?v=eRWnopJUqxc
Omega,59706883,MindCap,https://www.youtube.com/watch?v=VqOMZLoiwAs
AKIRA,88421468,eridani,https://www.youtube.com/watch?v=lAgPh86coPQ
Gamma,39832454,MindCap,https://www.youtube.com/watch?v=HTXRWzS2aw8
Golden Club,89490128,Zenmuron,https://www.youtube.com/watch?v=YBs04o1ZVQY
network (VanDerVals),90400834,VanDerVals,https://www.youtube.com/watch?v=uA5i_jBW2hY
Molten Gear,62138313,knobbelboy,https://www.youtube.com/watch?v=NMRaJu5BiAI
Spacial Rend,40292513,Eclipsed,https://www.youtube.com/watch?v=VgiRJRBzacM
Hyper Paracosm,42117203,iIiViRuZiIi,https://www.youtube.com/watch?v=zQbU_2To0bg
Collect All Pets,93122250,Rynoxious,https://www.youtube.com/watch?v=NArTpUWoOQ0
Time Extreme,116730903,vortrox,https://www.youtube.com/watch?v=gzqeoJK_UvM
Wasureta,64658786,Helpegasus,https://www.youtube.com/watch?v=9jkCtNDbDt0
Ryft,87565954,DreamLightGD,https://www.youtube.com/watch?v=Wxjk0A09XNU
Macabre,56782662,ZephiroX,https://www.youtube.com/watch?v=b2kGqEY8E1Q
OVERKILL,104027821,Jinnans,https://www.youtube.com/watch?v=aBDP_9-Sm-w
Cybernetic Crescent,66291197,-,https://www.youtube.com/watch?v=0yKtq1PJeDQ
ELLIPSISM,83914474,Swib,https://www.youtube.com/watch?v=tp6-hpqtnWk
reeses potentially,81372788,SubStra,https://www.youtube.com/watch?v=v45Ei-punX4
Sewers,95564658,Javp,https://www.youtube.com/watch?v=YBWx2Dm10Ag
Sink (Awedsy),77255632,Awedsy,https://www.youtube.com/watch?v=qX6yzZey9Ng
the DEADLANDS,104409280,handsomeorange,https://www.youtube.com/watch?v=pC-rUt9Z5dI
FIFTY THREE,90539291,Vlacc,https://www.youtube.com/watch?v=JF4vQZC4rBI
ASHES,86196054,xHeiDax,https://www.youtube.com/watch?v=cmYjLL1k5Z0&t=212
Necromancer,53443974,TGI,https://www.youtube.com/watch?v=y-NwRnHqaJI
Cersia Difficult,74840882,Cersia,https://www.youtube.com/watch?v=8Vi_wD2wp-w
Shirakami,127148097,Zentraa,https://www.youtube.com/watch?v=myk81vHFeOg
Rage,53878361,nSwish,https://www.youtube.com/watch?v=hMPd45vR7iM
ADOMANIA,97183213,Swib,https://www.youtube.com/watch?v=-AJl65nhTEA
Kjdf8314jlfssf,96470224,Kapycta999,https://www.youtube.com/watch?v=FgOR1jwsXww
Sonic Wave Rebirth,68688849,Serponge,https://www.youtube.com/watch?v=wXxPNaqTZKU
Sonic Wave,26681070,Sunix,https://www.youtube.com/watch?v=GpXTwPgweAk
IMMORTALITY,75870303,Sedgehog,https://www.youtube.com/watch?v=tl4trfW1JSo
LUMINA,89488413,hechie,https://www.youtube.com/watch?v=cTevFsTeS-Y
In The Generator,116053545,Gelforce,https://www.youtube.com/watch?v=M0kNz36MRnA&t=15
Maniamatic,111158134,BIGMAC77,https://www.youtube.com/watch?v=E_RkfT1yyhQ
Honeycrisp,139946318,pyro,https://www.youtube.com/watch?v=mjrAZoLMniA
Dual Pulse,122479302,Mistically,https://youtu.be/CRLoL1gnuiE
Sephiroth,60620063,Rainstorm,https://www.youtube.com/watch?v=VZThVeKm7lI
BRKMGB8GJCZ,85153230,robotchief,https://www.youtube.com/watch?v=PtAn8xfwK5w
Yatagarasu,28220417,TrusTa,https://www.youtube.com/watch?v=GrGFFPhtAFc&t=92s
The Fog,114867361,hechie,https://www.youtube.com/watch?v=IHXcmu7XrxQ
Cosmic Ray,95831600,Aquatias,https://www.youtube.com/watch?v=Zd-tcHisn9E
Cobalt hell,122060729,rubrum,https://www.youtube.com/watch?v=Xe-O9eGH5Yk
Infinite Iniquity,59331091,Flukester,https://www.youtube.com/watch?v=mL_An0vv8T0
Devotion,81598025,domi,https://www.youtube.com/watch?v=YX9RfSfyAWs
Kuzureta,71216292,Teno,https://www.youtube.com/watch?v=Q5LqZ9aKn78
Icotact,66203074,icedcave,https://www.youtube.com/watch?v=dd1rG5DLdc4
Shmarley Ville,81535535,Renn241,https://www.youtube.com/watch?v=a2SMT-dapYE
Sunset Sandstorm,55547703,crohn44,https://www.youtube.com/watch?v=5ary4apA0WA
X0,86795510,Mulpan,https://www.youtube.com/watch?v=zIcbuseHUlY
Twisted Titanium,121267216,ItsHybrid,https://www.youtube.com/watch?v=ueBAKyJONmg
Edge of the Blade,61366470,kiseta,https://www.youtube.com/watch?v=YhT4_FgeAbk
Silentium Clavas,90129239,Xolarzz,https://www.youtube.com/watch?v=qW0M7w8RwMk
Golden Flare,91071815,krakow,https://www.youtube.com/watch?v=fwytjLtpgdI
The Hell Nutz,80146646,TheLasaga,https://www.youtube.com/watch?v=jYfrX_JRo0o
xo,58825144,KrmaL,https://www.youtube.com/watch?v=vcAdWah55Z4
Controlled Chaos,115650566,Zipixbox,https://www.youtube.com/watch?v=ASYqlLTDg8o
Altered Ascent,60698989,Prism,https://www.youtube.com/watch?v=A5Q7u2EDVe0
Perfect Purgatory,139176104,TheBigCheese69,https://www.youtube.com/watch?v=orzDVdhJQOg
super probably level,51584312,Alkali,https://www.youtube.com/watch?v=FkFU7JHyO5g
agg challenge 18,132391220,erzor,https://www.youtube.com/watch?v=N2XPO5XsQUQ
Violet Illusions,96345801,Enfur,https://www.youtube.com/watch?v=A73-pvewH5I
Molten Core,68414488,Janucha,https://www.youtube.com/watch?v=kWCiW7ovnWw
Friday Vortex,69871779,Cersia,https://www.youtube.com/watch?v=AvMvICz-gJo
GONER,77310650,Nightning,https://www.youtube.com/watch?v=X4H9MgtUrc8
Celestial Force,47237400,MindCap,https://www.youtube.com/watch?v=lZHlJjJbJvc
NULLGATE,119185883,Antiprime,https://www.youtube.com/watch?v=NiQwsUiFWtE
Generic Wave,49576382,Pennutoh,https://www.youtube.com/watch?v=RL-c3PM4uhk
Thunderzone,63858842,Cersia,https://www.youtube.com/watch?v=bfo2atUb5aY
Titan Complex,44022701,TCTeam,https://www.youtube.com/watch?v=nI7AvT0qUks
Nunri,81107735,Szilu,https://www.youtube.com/watch?v=b8NfSjCT-E8
Loochiverse,81373023,Nerhy,https://www.youtube.com/watch?v=zkqBqdhLFSY
BuZzKiLl,93450782,Gablor,https://www.youtube.com/watch?v=-khZ5xFDMg0
Atmos,96265352,Marwec,https://www.youtube.com/watch?v=ezwJKYKsqX0
Quantum Theory,78232736,herozombie80,https://www.youtube.com/watch?v=JU5ElrbHkaI
Instinct (ItsHybrid),92538968,ItsHybrid,https://www.youtube.com/watch?v=sZjl8rIfMjE
Basil,98950709,ZeroSR,https://www.youtube.com/watch?v=dovHsq1oyAs
Freedom08,55274070,Pennutoh,https://www.youtube.com/watch?v=b1DE6OTFS4U
Erebus (BoldStep),31462941,Bold,https://www.youtube.com/watch?v=8csWDx6C2YI
Delebit Oblivio,59134257,TeamSmokeWeed,https://www.youtube.com/watch?v=0qQkhSNIIaY
Echoes of Neon,125548376,iMinaY,https://www.youtube.com/watch?v=W-Lm3XtrDac&t=1s
Trxpping Eyebxlls,111451617,waaffllee,https://www.youtube.com/watch?v=4BATUKTP1aY
The Reaper,68894921,Kyhros,https://www.youtube.com/watch?v=DKJ82-LThkM
Nightshade,83107375,YakobNugget,https://www.youtube.com/watch?v=1RiB0qmwE4A
Dark Flare,48942548,KeiAs,https://www.youtube.com/watch?v=Pb8GVDjiiQQ
Luminosity,131210884,Enfur,https://youtu.be/yLbnrHkMxYE
The Hell Tribute,108426292,fakeblast,https://www.youtube.com/watch?v=pepzgCz8TMs
Chromatic Haze,62869408,-,https://www.youtube.com/watch?v=J-qEOHy-IIA
Ddiamond,74034217,-,https://www.youtube.com/watch?v=_kDZq4Z7zFE
The Mainframe,86050887,notlsa,https://www.youtube.com/watch?v=D4J9PJnQMe0
Timor,65969451,Colorbolt,https://www.youtube.com/watch?v=kwI2TIwbFsg
Tapwreck,58306889,MrLorenzo,https://www.youtube.com/watch?v=w5qI2iukPzI
PARALLELIZATION,141725214,Devilmine,https://www.youtube.com/watch?v=v5q3BiyNBMI
RELENTLESS,74361921,SurJaco,https://www.youtube.com/watch?v=8qQZ0n_R7Ec
WOW,49291867,TrusTa,https://www.youtube.com/watch?v=uLiCEb4QP4E
Quantum Dynamix,79244693,GrenadeofTacos,https://www.youtube.com/watch?v=SjQV6uJOtyQ
Ascension,107743292,Kolros716,https://www.youtube.com/watch?v=mPnzlOVsBnw
Glory,97063869,HD Entique,https://www.youtube.com/watch?v=-ZdAkAG7Fvw
Farthest Outpost,95138230,Jghost,https://www.youtube.com/watch?v=HvQJB1SgEvo
Stygian Machinery,64554339,TeamE12,https://www.youtube.com/watch?v=jUVsWYYeFpY
Jamboree,74821587,JustJohn,https://www.youtube.com/watch?v=tmI-MljFcmA
Charge,118997500,Yerylik,https://youtu.be/lndAm-0wVfY
Come to Daddy,115238970,Kapycta999,https://www.youtube.com/watch?v=CxwFAl60SCY
Lucid Chaos,62817170,CairoX,https://www.youtube.com/watch?v=lsZ8okUy_tk
Catalyze,50333567,ZephiroX,https://www.youtube.com/watch?v=hF-TVX8wakc
Framework,82748921,Agat3,https://www.youtube.com/watch?v=jVo0g6DXAAg
Devil Vortex,32969607,Rustam,https://www.youtube.com/watch?v=l7-0WwGbiRs
Dole Damos,79922944,Jeyzor,https://www.youtube.com/watch?v=3Q7zPpGKsc0
Dreams,85052828,Kapycta999,https://www.youtube.com/watch?v=ekBKOmjk0E4
Factory Realm X,37792861,Helpegasus,https://www.youtube.com/watch?v=bkreo_jag3E
DubKore X,75455769,Loogiah,https://www.youtube.com/watch?v=roz31nm3_nY
Next Stage,132898839,Zipixbox,https://www.youtube.com/watch?v=N873EQB21Yo
ConFusion,84960998,DreamZoneGD,https://www.youtube.com/watch?v=Zxef8FIepYc
Yuh,62557486,-,https://www.youtube.com/watch?v=wi-FR0SfCow
Paroxysm,42631377,Lemons,https://www.youtube.com/watch?v=JVlHUROeEnc
Photovoltaic II,49588510,Mazl,https://www.youtube.com/watch?v=kiLOAb6fhCg
Retention Rush,81906166,TheBlackHell,https://www.youtube.com/watch?v=SPn1wsc9J9M
Raisins,81429222,Airz,https://www.youtube.com/watch?v=c3-ee3fTVtA
Infinite Highway,107577349,iITesseractIi,https://www.youtube.com/watch?v=huS1-PzIhlc
Lateral Myst,63959337,Bedrock,https://www.youtube.com/watch?v=BC3dFTJTRqc
MIAMI,130673921,ZaZa GD,https://www.youtube.com/watch?v=rDcrQCEbrDI
Pingas21,92844445,raixe,https://www.youtube.com/watch?v=hn894RT2Nfc
IMAPHONE,81656376,Azuvy,https://www.youtube.com/watch?v=53HY50zWZUE
Tenochtitlan,94464877,Alpha rainbow,https://www.youtube.com/watch?v=3EWh6Ef9pvk
FIREPOWER (Sillow),89876243,Sillow,https://www.youtube.com/watch?v=j8YmLk7KF1A
Phantasma,97013293,blakejm,https://www.youtube.com/watch?v=2_LnVRPmbQ8
0 Techno,124217193,CherryTeam,https://youtu.be/B-cRYvgXPio
Iterate,140981711,Bridhals,https://www.youtube.com/watch?v=UivUncKG-RQ
lacy,131645354,Enfur,https://www.youtube.com/watch?v=lK_L9o9lViY
inanimate INSANITY,82225395,handsomeorange,https://www.youtube.com/watch?v=IMk5aEi6iJc
Luxtra,65332454,TheGalaxyCat,https://www.youtube.com/watch?v=Rs425dFUHZo
Bitcrusher,84791108,SleyGD,https://www.youtube.com/watch?v=mtdgSg1NhrM
POW,118515795,deactive,https://www.youtube.com/watch?v=dTqIr_BJ31Q
Death,98929172,AleeXhey,https://www.youtube.com/watch?v=uLZ6JZnHNVA
Apollo 11,83164497,nasgubb,https://www.youtube.com/watch?v=r9SkrrOecpY
SUPER SERIOUS WORLD,112491891,Proto,https://www.youtube.com/watch?v=RJj5niMDX30
TheCinnyBun,77134293,cinnamon,https://www.youtube.com/watch?v=n8eUDCCoBF8
Cadrega City,37255449,Pennutoh,https://www.youtube.com/watch?v=cHEGAqOgddA
Digital Descent,37456092,-,https://www.youtube.com/watch?v=mX8j8jG-Um8
Stalemate Redux,37398911,TehTactiq,https://www.youtube.com/watch?v=t9XP1lhMrPo
ZAPHKIEL,36329434,Darwin,https://www.youtube.com/watch?v=-w8Pi_hg7fc
Omicron,63560498,Team Proxima,https://www.youtube.com/watch?v=f2LHF8YMXlk
Xronier,88913586,(じの) JinoBeats ♫,https://www.youtube.com/watch?v=WiHEkGvy4N4
Springtime,76166083,VigorousGard3n,https://www.youtube.com/watch?v=UGAmTQHz9mQ
snowing in las vegas,128647654,Wyntaee,https://www.youtube.com/watch?v=AEhfJh5OY5o
RGB,74343352,SleyGD,https://www.youtube.com/watch?v=-6iVjktmVo0
Jard Factory,122696570,Gabinq,https://www.youtube.com/watch?v=w9wxKoRvUCc
Through time,106190708,RadScorpionGD,https://www.youtube.com/watch?v=AISzYpZoEqg
Adelucid,111368620,Arraegen,https://www.youtube.com/watch?v=zJpdto76UBs
RAINBOW GIRL,103062165,androgyny,https://www.youtube.com/watch?v=zj_OpQmGStA
Delete File,122524835,EUUIIII,https://www.youtube.com/watch?v=qetKJEEhMlo
SOLEIL,122934061,luhlamar ☀️,https://www.youtube.com/watch?v=Hm9zJLYxZLo
GREFG,134430850,ReymundoTK,https://www.youtube.com/watch?v=m8CK_L0s6GA
ABEL,86595871,Dienid,https://www.youtube.com/watch?v=_nOvs0_uwSk
very rusty pipeline,95314059,qMystic,https://www.youtube.com/watch?v=IRtKTYWGbXE
lovel,101288192,Eveteer,https://www.youtube.com/watch?v=E_rN9kMQJQg
Illusion,96015816,Hero3210,https://www.youtube.com/watch?v=kLhGYSJOYU8
Auroral Darkness,63851728,iIiViRuZiIi,https://www.youtube.com/watch?v=7G898XTNidI
Tempered Steel,59270436,ItsHybrid,https://www.youtube.com/watch?v=hnLrZ_vRJUM
ameliorate,87335575,maxis044,https://www.youtube.com/watch?v=-Ele6jC-100
poocu4ever,95999072,Lisp,https://www.youtube.com/watch?v=XmiylmU9wZk
Solarion,47171509,ZephiroX,https://www.youtube.com/watch?v=o37AaOnGcVk
SoulbounD,92699256,CHUZA,https://www.youtube.com/watch?v=jXfBUJdOznY
x steampunk x,112690401,xYsoCereal,https://www.youtube.com/watch?v=nlUn_8kWhLQ&t=17s
Killbot,38754426,Bold,https://www.youtube.com/watch?v=UQvPvOGYdpw
Demonicat,41058711,f3lixsram,https://www.youtube.com/watch?v=2OgX7-eqeS8
NetzWerk,93267614,Teno,https://www.youtube.com/watch?v=1SPQ8XnDkpw
vaenstep,79242390,vaen,https://www.youtube.com/watch?v=NWG7IDhzNlc
Delta Interface,45094581,Platnuu,https://www.youtube.com/watch?v=UxKZ71AuO3w
The Moon Below,79484035,Onvil,https://www.youtube.com/watch?v=Gs5mRmoLh7g
Video,125713603,MaxxoRMeN,https://www.youtube.com/watch?v=akp2P16806k
find the answer,111797205,qalli,https://www.youtube.com/watch?v=Hb3jrAPiFak
Artificial Ascent,27122654,-,https://www.youtube.com/watch?v=laok-nI3-t8
Budding Roses,113824520,Zeronium,https://www.youtube.com/watch?v=VI5aP_BSiJ8
Fabrication,33983930,KeiAs,https://www.youtube.com/watch?v=iQhnNchayAk
Edelweiss,85393418,hexitine,https://www.youtube.com/watch?v=MBkf7uq8e50
Effect II,81149042,MrSupremeGD,https://www.youtube.com/watch?v=zF1AJOUb2No
TURN THE LIGHTS OFF,94383049,nikoberry,https://www.youtube.com/watch?v=ZrX5RPw82GQ
Power Grid,93516660,Zyraa,https://www.youtube.com/watch?v=5hcQKR1dNkI
Stereo Extremeness,85383554,vortrox,https://www.youtube.com/watch?v=b7479IyV6z8
Future Chaos,81435156,Neoraptor,https://www.youtube.com/watch?v=RnqM-DsWvts
Low Death,60603962,KrmaL,https://www.youtube.com/watch?v=79wQenmbG3Q
I Cry,131768174,GrenadeofTacos,https://www.youtube.com/watch?v=siIUWb00-lI
Nightmare Chasm,86291702,Zeptoz,https://www.youtube.com/watch?v=Nsk6l3IrctI
Occult Outcry,62119245,Havok,https://www.youtube.com/watch?v=W9sksrVcH-c
Step To Hell,34489220,LaZye,https://www.youtube.com/watch?v=mQ7zvkT99Qc
Absolute Anarchy,123819159,GS12,https://www.youtube.com/watch?v=tF8k3xL10-M
Bete Noire,95255152,ThePurgatory115,https://www.youtube.com/watch?v=bNDIkRXxUyg
Belloq,55610687,-,https://www.youtube.com/watch?v=-7e3lRUBme8
Crystal,73645039,Zeronium,https://www.youtube.com/watch?v=FvUmaJib5uo
Diamond Disco,117862884,Zeronium,https://www.youtube.com/watch?v=7zi8X8uInHE
2 1 1,63514295,guillester,https://www.youtube.com/watch?v=bFQIzKb1as0
Night Rider,78051190,lmAnubis,https://www.youtube.com/watch?v=u_hvXLg3mfQ
Funnyname Funnygame,88351555,idleunam,https://www.youtube.com/watch?v=vnRGycjJjv8
Fabulous,115089412,Texic,https://www.youtube.com/watch?v=BQLCpBSNqQs
Aesthetic,60020026,SyQual,https://www.youtube.com/watch?v=k6g6LePjU5c
Polygonal Paradox,81041659,Hypno,https://www.youtube.com/watch?v=w1fSQxEdYnc
Floating Outskirts,95435650,YoReid,https://www.youtube.com/watch?v=Jb8zIqROu_w
IMOISTAR,108821040,fil,https://www.youtube.com/watch?v=CG4syie3920
Pandemonium (Yakimaru),72082021,Yakimaru,https://www.youtube.com/watch?v=ewvGLBX4ee4
QOLLABOS,127517484,Q_ombik,https://www.youtube.com/watch?v=8u-L1E9cJyw
Black Flag,79006927,NEKONGAMES,https://www.youtube.com/watch?v=5SGD-4sxgS8
Missing Benefits,47043002,TGI,https://www.youtube.com/watch?v=A1eSzRM7LzA
Bass Cave,12437428,Bloodshot,https://www.youtube.com/watch?v=VhNt6pk8i_o
Agony,111864313,Vizitek,https://www.youtube.com/watch?v=U8CJqehyyno
Mind Control,77487419,Deadlox,https://www.youtube.com/watch?v=GLvDwC0odvk
Auroral Ascent,122872017,Nexel,https://www.youtube.com/watch?v=SdgYxRn8deg
Quantum Processing,38235367,Riot,https://www.youtube.com/watch?v=lt8GNUsFMQo
Dualies,83327980,Gablor,https://www.youtube.com/watch?v=Rv2ooGfmhJg
Insane Techniques,80529928,exo,https://www.youtube.com/watch?v=sWeruKgwDwc
VIPER,135904756,Joshway,https://www.youtube.com/watch?v=xDpl8MueK0U
Chainsaw,88761395,Lia,https://www.youtube.com/watch?v=tdzM7A91IgU
Biohazard (mattsstuff),103777677,matts stuff,https://www.youtube.com/watch?v=aCHi2AiRgnc
Vantablack,115387568,Nerhy,https://www.youtube.com/watch?v=Nzu969SwqkM
Black Blizzard,34057654,KrmaL,https://www.youtube.com/watch?v=lsT5TjQ1Ubc
distraught,55224007,Alkali,https://www.youtube.com/watch?v=4tvgXbxxZUg
Neurostasis,95281931,KiwiPenguin,https://www.youtube.com/watch?v=EY24IAPPrFo&t=38s
Ethereal Artifice,58252259,Zeroya,https://www.youtube.com/watch?v=RKbKYcS9aCU
SECTOR 19,76358953,Sillow,https://www.youtube.com/watch?v=-vVW_AIgXu8
Quaoar (Flosia),73294395,Flosia,https://www.youtube.com/watch?v=gTfxUYbs1nM
Free For All 2,92766615,Pennutoh,https://www.youtube.com/watch?v=iUcyJTw82T0&t=0s
Flyway,93873140,PlayerHungry,https://www.youtube.com/watch?v=uDFsNMHNnLw
DESOLATE,89487717,Billzer,https://www.youtube.com/watch?v=tP6paDQtJ7E
REDEEMER,121553777,surveyor23,https://www.youtube.com/watch?v=VMcdzR1tmYU
LinuGi,110453667,LinuDi,https://www.youtube.com/watch?v=NRx2uEch5iE
Astral Divinity,58811846,knobbelboy,https://www.youtube.com/watch?v=vEzYofL2wuQ
SnowFall Fiesta,79023478,Dorami,https://www.youtube.com/watch?v=JMTmGHGj7ps
Glowy,37361518,Rob Buck,https://www.youtube.com/watch?v=XkDcrHZS5QA
SyrEX,96314756,tauiga,https://youtu.be/p9l8WhJ2eps?si=yvNfQMOaC7FFRC07
cloud,128236384,kuip,https://youtu.be/PWX6OevHu9g
Glitched Memories,55382704,TCTeam,https://www.youtube.com/watch?v=wNHUSKeYzek
Static Ignition,73335285,Maple 🍁,https://www.youtube.com/watch?v=FPx90xD_5ug
Disaster Dive,81280541,Rustam,https://www.youtube.com/watch?v=m6wSfaRwRuY
MISFIRE,88244926,Galaxxyss,https://www.youtube.com/watch?v=hKerWliimjg
rosedynamix,84140347,rose;,https://www.youtube.com/watch?v=QYNWtkoQt8E
La Cueva,86512847,ilnm,https://www.youtube.com/watch?v=RI1CUPE6e3U&t=76s
Rate Demon,44860762,MikeWheelerFan,https://www.youtube.com/watch?v=3rKI-n69bzY
Void Wave,59620684,CherryBT,https://www.youtube.com/watch?v=wxfNGETjTnU
Faded Dream,86233175,DreamTide,https://www.youtube.com/watch?v=BmcRn7XUjTc
Bausha Vortex,30380566,Pennutoh,https://www.youtube.com/watch?v=J4Jwp3-ub3I
BuTiTi III,57433866,JonathanGD,https://www.youtube.com/watch?v=abei8PCdi5A
Spectrum Rave,72308725,Ryder,https://www.youtube.com/watch?v=e93d3aEskFY
Never Beat It,72767469,Metalface221,https://www.youtube.com/watch?v=ycsBMQmP8yk
Balengu Vortex,55385816,Temp,https://www.youtube.com/watch?v=2BwK_ngpdPA
BBBBBBBBBBBBBBBBBBBB,47446042,MikeWheelerFan,https://www.youtube.com/watch?v=SHnySmos_AE
EnCrypted,90338016,Blaster,https://www.youtube.com/watch?v=5oZv43tDvDw
Sinister Incision,66004550,ItsHybrid,https://www.youtube.com/watch?v=gdL7ONqYjek
SHOWDOWN (berrytg),139470303,berrytg,https://youtu.be/fGIYo0sxoJI
Reactor Core,96527678,Arb,https://www.youtube.com/watch?v=VEFKEqPgjhE
Prisma,81754967,CooperSuper,https://www.youtube.com/watch?v=feMj66huRR8
DMG CTRL,73733373,GhostVandalf,https://www.youtube.com/watch?v=-FKHHxbLE-s
Spirit House,90628157,ElectriDark,https://www.youtube.com/watch?v=E5G1AVjAirA
Collapse (fwefwe),95327529,fwefwe,https://www.youtube.com/watch?v=VUT_4EbuW_E
Visurient,69286050,fitatfi,https://www.youtube.com/watch?v=v9ozM28yBl8
STICKS FOR BONES,85219126,koko43,https://www.youtube.com/watch?v=BlHSbCan6bI
Spin Cycle,136108156,RadiationV2,https://www.youtube.com/watch?v=GwPGws6Jj2c
The Hell Zone,22259203,Stormfly,https://www.youtube.com/watch?v=6ebIqtnGpdo
no twilight,131087025,NesiaL,https://www.youtube.com/watch?v=hENb4PNL2hk
Magnificent Gaps,110769422,JohnNwaogu,https://www.youtube.com/watch?v=-L7ILKGoJPU
eternal entropy,75766713,ProGGCyrus,https://www.youtube.com/watch?v=KPqfkGRV3gw
The Hell Field,51556877,Stormfly,https://www.youtube.com/watch?v=rm2dGOchJk4
CHROMA II,70187443,Renn241,https://www.youtube.com/watch?v=VpmW8-kMvSw
Air Fryer,112468252,Aimbotter2123,https://www.youtube.com/watch?v=eRq4TwlVmPk
Hyperliminal,123356141,Andromity,https://www.youtube.com/watch?v=mQXyBkL3NL0
Ziroikabi,44773500,MikeWheelerFan,https://www.youtube.com/watch?v=wmJd6YQQX48
Furious Flames,38626107,Eggnog,https://www.youtube.com/watch?v=ybtlTy2Z7d8
Hyperchaos,95336503,MercuryDT,https://www.youtube.com/watch?v=LJ0yJWzNt8c
silent hills,116837965,ItsPedroca,https://www.youtube.com/watch?v=a8l8_24WRY4
The Sulphur Sea,81548163,YoReid,https://www.youtube.com/watch?v=wz8XcDMDKhY
Bordon Factory,127868119,Bordonn,https://youtu.be/1C8WLzwWnwY
Hatred,27580467,AZuLer4,https://www.youtube.com/watch?v=mq5-I5UXZrQ
Breakout Redux,48329084,Waivve,https://www.youtube.com/watch?v=05f7fa5Myqk
GREAT FURY OF HEAVEN,106481162,androgyny,https://www.youtube.com/watch?v=meoW_VVPtco
Galactic Shift,59829005,TeamSmokeWeed,https://www.youtube.com/watch?v=dLNWdSG3_o0
ULTRA VIOLET,88292178,vyp,https://www.youtube.com/watch?v=G7Js-hQBf0Q
memories,83235400,ivyteal,https://www.youtube.com/watch?v=npNOIwnPOC0
Fractured Dreams,122954932,nhay,https://www.youtube.com/watch?v=ljupvsUbQyA
Io,108362538,l4tezk,https://www.youtube.com/watch?v=lo8E4GBqLX0
My Worst Demon Level,77164344,Mulpan,https://www.youtube.com/watch?v=-6m_jXH2d2s
Berserk,60130895,TrusTa,https://www.youtube.com/watch?v=yI8cfDG9gm8
Cadrega Mode,48981134,TCTeam,https://www.youtube.com/watch?v=qcOtiV2w0UE
Voyager 1,126489445,oliverbum,https://www.youtube.com/watch?v=NgZksoCUwkc
Gateway,94924286,Eveteer,https://www.youtube.com/watch?v=_gMpP48H8XI
Auditory Breaker,51791710,LazerBlitz,https://www.youtube.com/watch?v=ZcQ5NrKmpT0
lodin da fish washer,72164189,koko43,https://www.youtube.com/watch?v=ioo1wCMCGhg
Shock Therapy,57121503,Arb,https://youtu.be/ragT47GAibg
Ziroikapi,56827411,Kapinapi,https://www.youtube.com/watch?v=BopdvP_-7wI
VALOVI,109432828,Failcat,https://www.youtube.com/watch?v=toPNBDFtRy8
Surge of Memories,41594507,TMNGaming,https://www.youtube.com/watch?v=9Ng5Vsbqbzo
Worse Trip,78248443,Loltad,https://www.youtube.com/watch?v=zLvEwDup7gE
Surge of the Shield,61127840,Arclia,https://www.youtube.com/watch?v=5jhf-526kRw
Nostalgia,123902767,WT80,https://youtu.be/ArIyASwAYjc
Spectrum Split,81586966,addsomething,https://www.youtube.com/watch?v=DdaHPVf48ek
Voltage (Hypno),92548253,Hypno,https://www.youtube.com/watch?v=DCZLS7GqbIc
Necrocide,53653552,-,https://youtu.be/TtZznh8RgIw
Hyper Paradox,61531210,ItsHybrid,https://www.youtube.com/watch?v=ucmMMjeTOjc
Carmine Cascade,125486820,AAAAAlex,https://youtu.be/W2MqG0G9r2o
Ouroboros Startpos 2,94410319,Indonesia,https://www.youtube.com/watch?v=YIsJeBI2c_c
The Hell World,27904579,Stormfly,https://www.youtube.com/watch?v=WEJR4EO8DzM
SubSonic,33387622,-,https://www.youtube.com/watch?v=F-AfSPnjIcM
Audio Expulsion,48679353,GoodSmile,https://www.youtube.com/watch?v=AZy1moiM6j0
Dormant World,83652881,Shnitzle,https://www.youtube.com/watch?v=IbI7k0Gn0nc
MONSTROSITY,71524389,Snarlax523,https://www.youtube.com/watch?v=A3Yar9jQgvw
Unfair Evening,107226949,Shrympo,https://www.youtube.com/watch?v=sEKeZxita3g
Crippled Depression,89748074,NateFH,https://www.youtube.com/watch?v=-N6bcKtZAqI&t=0s
Anoxysm,57430694,Lemons,https://www.youtube.com/watch?v=LSQb2MQFxGo
Lovestruck,107764640,Tuna310,https://www.youtube.com/watch?v=nKOqCmJJRD4
Supreme Demon Mix,99932955,TwisterDude161,https://www.youtube.com/watch?v=yzq99mR_8HA
The Hell Inferno,60714734,Stormfly,https://www.youtube.com/watch?v=GuxkguglEIE
Viridian,130733081,nautz,https://www.youtube.com/watch?v=AXaCe7LYO0Q
ikaros,61890877,Pavlaxan,https://www.youtube.com/watch?v=Ofh0j_varDg
Kinetic Bypass,41293157,-,https://www.youtube.com/watch?v=KEuFavVAl2Y
Endless Dream,70484097,DreamTide,https://www.youtube.com/watch?v=byjnOPX6s2k
The Cellar Path,85317764,JamAttack,https://www.youtube.com/watch?v=Fc2i7wugagI
Boogie,72873416,DigitalZero,https://www.youtube.com/watch?v=2LAJVMiB214
aether (ZeroSR),99800205,ZeroSR,https://www.youtube.com/watch?v=-IkL_h0y1zE
Mujigae,38765979,-,https://www.youtube.com/watch?v=H2-uD1jNZCw
Betrayal of Destiny,63482186,Splash,https://www.youtube.com/watch?v=czUn2SMXIWI
i hate you,68323859,AlrexX,https://www.youtube.com/watch?v=2JSaAWJWDPY
BURNOUT,117177172,TheRealXFuture,https://www.youtube.com/watch?v=C6PUqMjGVYI
Glitch Control,118737324,Howler,https://www.youtube.com/watch?v=2PGMtCFQ2dE&t=6s
SINGULARITY,48156638,BIANOX,https://www.youtube.com/watch?v=Qhaq7XBRrZQ
multi arm,110690127,SnowEye,https://www.youtube.com/watch?v=V3bSODLng24
Adrenaline (wapon77),67569996,wapon77,https://www.youtube.com/watch?v=aBUGuBQQi2g
Cheyenne,99992952,josi,https://www.youtube.com/watch?v=18vy82H9luc
QuantumSonic,87881028,Fhewi,https://youtu.be/cmYCYTeXCHU?si=IkQXVo1kAPzGinV9
SPEEDRUN,58507437,Kaito,https://www.youtube.com/watch?v=Z0Ge4G1oPmk
Geometrical Dominato ,116089123,MineCat9000,https://youtu.be/ustUmewL8m0?si=1R_7pn-5EjKPK0cc
Dolos,58417850,Enzeux,https://www.youtube.com/watch?v=velFCMli60A
Autumnal Remanence,132226370,YouknowwhoGD,https://www.youtube.com/watch?v=s9PCkB8Q7R4
Ithacropolis,41149984,BIGMAC77,https://www.youtube.com/watch?v=zqRLjGI_p9I
milo,110227780,xSlendy,https://www.youtube.com/watch?v=ek4sUIdl5pc&t=0s
Ancestral Calamity,48591102,MrSpaghetti,https://www.youtube.com/watch?v=L2cyjYUYeXM
fire emoji,120416900,eggyburstmagic,https://www.youtube.com/watch?v=cYA6fvSsqR4
ErebuS (Platnuu),65860142,Platnuu,https://www.youtube.com/watch?v=p877rT5gxNA
ruber cash 22,78007735,koko43,https://www.youtube.com/watch?v=SKqOHoAWguU
Dimensional Breaking,59868382,Dalfa,https://www.youtube.com/watch?v=KEat0RALiIs
Dusker Processing,91509581,DuskerHu,https://www.youtube.com/watch?v=n3c5XfBlmYc
Sleeptalk,102523266,Lele,https://www.youtube.com/watch?v=XwLJrZ3eFJY
SUPERMAYOHATECLUB,90942005,nab,https://youtu.be/7aa_qR62BIc
kuiper belt,125025200,Nordgeez,https://www.youtube.com/watch?v=lYJQXXNTg2U
Athanatos,26133601,Exenity,https://www.youtube.com/watch?v=HixckMI3rwo
Shock Breaker,64051003,Spectex,https://www.youtube.com/watch?v=-fkJ41yXau8
Loose Screws,93311545,Aeyooo,https://www.youtube.com/watch?v=cOB3wm3lGl0
Carnage Mode,36107975,Findexi,https://www.youtube.com/watch?v=GuJkgwNJ0UU
Microsoft DriveThru,94164875,nab,https://youtu.be/lrP3YdZKj24
Gentlemens Clique,85231431,Alph,https://www.youtube.com/watch?v=vVchK_0UDHE
Wild Rose,83676299,Galaxxyss,https://www.youtube.com/watch?v=0haCHTgUY3s
miss you,87768310,shmigels,https://www.youtube.com/watch?v=iV92wuFbxIg
New Record,76760593,Temp,https://www.youtube.com/watch?v=zM4FDeiFdoQ
project girlboss,110769842,koko43,https://www.youtube.com/watch?v=byfotx3S5OA
Khorne,58578389,Stilluetto,https://www.youtube.com/watch?v=_ProlqC_fZQ
Fabricated Thoughts,61151935,MaxiKD,https://www.youtube.com/watch?v=Uzfzgf51Xww
reset your mind,106737668,Fursona,https://www.youtube.com/watch?v=cUYj0Kvf788
Curie,87816034,kedi,https://www.youtube.com/watch?v=5oCcfvYCHvY
Screaming,123964123,xSlendy,https://www.youtube.com/watch?v=W-1oHg5n5fg
Eleos,55060204,SeptaGon7,https://www.youtube.com/watch?v=h6v9VURyrtM
Sunk,100931101,exofr,https://www.youtube.com/watch?v=MvfpPDC8ebw&t=55s
RASH,69507105,Loltad,https://www.youtube.com/watch?v=tSCXrB898Pc
xuser morelike luser,93241372,akunakun,https://www.youtube.com/watch?v=9mRyWBgLs-I&t=1s
devoid,81161308,riley,https://www.youtube.com/watch?v=g_a_eTf362Y
Twilight Coexistence,90172239,NesiaL,https://www.youtube.com/watch?v=HaWvbNhHPjc
Removed Submission,52113279,WHErwin,https://www.youtube.com/watch?v=AAzRmUKMnOk
Cryothorn Hell,125034264,TwisterDude161,https://youtu.be/npTiGcfk0nk
Mystic,35738539,Endlevel,https://www.youtube.com/watch?v=tl8WTSyvQz8
Tunnel,73428541,akunakun,https://www.youtube.com/watch?v=xusX-xC0zzk
Phobos,19759411,KrmaL,https://www.youtube.com/watch?v=wC8VJ4B2WRg
WcropoliX,22183448,BlassCFB,https://www.youtube.com/watch?v=pQ2PsY1BymE
TeaM Z,38234257,99percent,https://www.youtube.com/watch?v=zu21_854jXg
dance,134210703,MysteryMan,https://www.youtube.com/watch?v=rDRFiMS1Eck
font by robtop,102428635,sharkdex,https://www.youtube.com/watch?v=sq2a3dohJxo
Infernal Abyss,27379546,GgB0y,https://www.youtube.com/watch?v=PphhxYmYYZU
Masterpiece,96471808,vRidge,https://www.youtube.com/watch?v=g9CrHLXmTpE
The Old Trail,94690267,Bram4Real,https://www.youtube.com/watch?v=7Ce1YTftj34
Sapphire Angel,69617575,Eternaswip,https://youtu.be/yflBU6cD0EI?si=XjBv3VCT8h9KhKX2
Stereo Smasher,128096546,razsta4ax,https://www.youtube.com/watch?v=6StQ1KwoPEk
hot rod,95355264,stcubing,https://www.youtube.com/watch?v=FSNGDwv_8N0
Based Gang,71692057,Alph,https://www.youtube.com/watch?v=wu-t-yzCLgc
MadMansion,57047374,GunnerBones,https://www.youtube.com/watch?v=HWIQIGy-4eI
Disastrous DanceOff,116688571,Blaster,https://www.youtube.com/watch?v=Iw3btGesq1o
Turbulent Valley,93231979,TwisterDude161,https://www.youtube.com/watch?v=g7NEb2d8kXU
S3NT1M3NT,113544846,Shyne,https://www.youtube.com/watch?v=sIAmLIJCDwM
Summer Sky,125387083,Luvery,https://youtu.be/QLTRRvLqKMI
Abandoned Planet,46249401,Metalface221,https://www.youtube.com/watch?v=Pa95HKNXPpY
The Hell Origin,36875204,Stormfly,https://www.youtube.com/watch?v=2fZ_4jAGsQc
Bang Gang,56916170,DanZmeN,https://www.youtube.com/watch?v=8CkIYWN89fM
OneAttempt,80252396,TheRealXFuture,https://www.youtube.com/watch?v=RrniFwaxYO0
RAWSTAR,134027693,WarningGoat,https://www.youtube.com/watch?v=uMYBfNChVVU
DARKENED,66085306,BIANOX,https://www.youtube.com/watch?v=xL7qdf33iVI
Coolie Mazie Paloozi,91267754,akunakun,https://www.youtube.com/watch?v=NvPoTnd0ztU
INCODE,132079107,TShack,https://www.youtube.com/watch?v=fLmaJwH2dJQ
EnvY,45411361,DanZmeN,https://www.youtube.com/watch?v=IUJdtXaUhGM
FusionDynamix,90857000,TwisterDude161,https://www.youtube.com/watch?v=fv277gx5_Y4
Poltergeist Reborn,36886759,ThePrimeEvil,https://www.youtube.com/watch?v=mS9zVwrGfuE
Falcon16,60289382,LIEB,https://www.youtube.com/watch?v=JZSj4rJYMJQ
VendetTa,47797723,CFteamgd,https://www.youtube.com/watch?v=HyG7HP_CDwE
Blade of Justice,35448603,Manix648,https://www.youtube.com/watch?v=6018CbEjA-4
Nautilus,134727211,Tabgnid,https://youtu.be/YbckkygmWk8
Paranoid Android,111731617,Alass,https://www.youtube.com/watch?v=FPN7E9TdKDU
Vertigo (notLevo),43214204,notLevo,https://www.youtube.com/watch?v=p38ktt8maEA
AUTONOMICA,129343574,xTet,https://youtu.be/c2aRyO_uaQ4
Dimension Breaker,55539300,BIANOX,https://www.youtube.com/watch?v=fIxFGfjCmA8
Freedom19,75718490,GrenadeofTacos,https://www.youtube.com/watch?v=UoAmpeLfHfg
Masochism,79665466,XinpA,https://www.youtube.com/watch?v=favcBHWsuxo
Vivacious,76997619,skzyl,https://www.youtube.com/watch?v=wQoR8lAkMsQ
Asmodeus,33670767,Vexion,https://www.youtube.com/watch?v=3OwKOI4yXLQ
THE PRINCE,99693231,JustWaaf,https://www.youtube.com/watch?v=ClB4Xc_69lA
Showdown (clncrvl),93799148,clncrvl,https://www.youtube.com/watch?v=t0tZeWA55w0&list=PL2RT5s6o81K62KegllL6PJobbOOP0nGGd
Silentium Gradas,45626173,Stormfly,https://www.youtube.com/watch?v=pu4m4mpRlhI
Hands That Feed,142118733,redracer,https://www.youtube.com/watch?v=Mw5Q_WIR_gU
Shibui,63733585,Xanii,https://www.youtube.com/watch?v=ctjN1suwnc0
Intrusive ID,107100184,Pasiblitz,https://www.youtube.com/watch?v=E2CbZec7J7A
EXPLICIT,74028410,saturn,https://www.youtube.com/watch?v=azsF8MTeFh0
overlook,132527895,androgyny,https://www.youtube.com/watch?v=wvRfv5yxkMM
Infinite Inversion,102807047,fil,https://www.youtube.com/watch?v=SdJguQc9bwk
Sakupen Hell,23262780,TrusTa,https://www.youtube.com/watch?v=svyOjwLCErg
Zinhwa,93505324,MaLiaN,https://www.youtube.com/watch?v=zkaI5ySYVhA
wrong out there,127308874,kyubd,https://youtu.be/k5mPsKirSPw
Delicious Dogs,107150431,SupaCLUCK,https://www.youtube.com/watch?v=puQDS49C9Rg
Artifice,57520174,f3lixsram,https://www.youtube.com/watch?v=AuAdGf4yeYY
Universe on fire,87489628,Tim1K,https://www.youtube.com/watch?v=YybvCO_AbLE&t=2s
unsaved changes,105945985,Zpicy,https://www.youtube.com/watch?v=jpTCOgjvQ1I
Alpha Baa X,62100870,Eggnog,https://www.youtube.com/watch?v=mZJinGw9dEs
ACHROMATISM,120617540,CirclezGD,https://www.youtube.com/watch?v=lcCZTygwzMg
Betrayal of Fate,20329544,weoweoteo,https://www.youtube.com/watch?v=6KZUK-BpS6w
So Wrong To Life,135924841,angel,https://www.youtube.com/watch?v=rbDuYLlxzy4
Last Stop,88946497,Cejelost,https://www.youtube.com/watch?v=2mD-x_pMuhs
Iniquity,116369605,hasuopf,https://www.youtube.com/watch?v=89fB-K8ny8M
Absolute Solver,133591114,BroZzy3,https://www.youtube.com/watch?v=RfGqVCW4Z7k
Chromatic,116147135,orangutang,https://www.youtube.com/watch?v=fiR6jQfXaD4
NANDMASTER,138853889,Olinolivia,https://www.youtube.com/watch?v=oLnvanNlhbY
Advent Aurora,97425949,Ultimxte,https://www.youtube.com/watch?v=Ul6dUkeLlXA
Revelations,119744798,vRidge,https://www.youtube.com/watch?v=coymiautuo0
help,91035507,llertt,https://www.youtube.com/watch?v=1oJtXIc9IxA
Hateful Reflection,61132346,GD Iris,https://www.youtube.com/watch?v=o27ZvcHUOSU
UnveiL,127035731,Kr4t,https://youtu.be/iK6tHYMIg74
Radiant Activation,108656584,GWIndr4hh,https://www.youtube.com/watch?v=VokARWahj8Y
Tenth Circle,62592746,DeniPol,https://www.youtube.com/watch?v=fU0B6vfhctM
Triadic Trials,83421663,Hero3210,https://www.youtube.com/watch?v=JeO7LaXNFpY&t=18s
SANTA FE,114763530,JoacoWoop,https://www.youtube.com/watch?v=4dDJzbbqBDg
Fusion Z,59933468,PlebKingdom,https://www.youtube.com/watch?v=NQVIigd4Du4
dnc,143153769,llertt,https://www.youtube.com/watch?v=UWjtHERjCPU
phosphorescent,56846226,LimeTime313,https://www.youtube.com/watch?v=45OTBn39x84
Revolution 1993,127575316,Bemq,https://www.youtube.com/watch?v=gTFgiRSlkXw&t=21s
Carcano,64148732,Asuith,https://www.youtube.com/watch?v=vqhitBHhsTo
D4RK,136107494,Fire,https://www.youtube.com/watch?v=7GgansQYap8
Vortex of Time,41739176,Plusxenon,https://www.youtube.com/watch?v=FqD1V9PJ9AQ
Anahita,70406732,MadisonYuko,https://www.youtube.com/watch?v=ra_q070jTa4
The Hell Bird,57803923,Havok,https://www.youtube.com/watch?v=756VHR2Tn7Y
Epsilon,48843446,Team Proxima,https://www.youtube.com/watch?v=LDVNlSVh2rw
Atmosphere,42664144,VoidSquad,https://www.youtube.com/watch?v=yV8jA9yU-JM
Supercharged,60624753,Weenside,https://www.youtube.com/watch?v=u3A2MiOzDxQ
Carbon Fiber,129561693,xSlendy,https://www.youtube.com/watch?v=doCS2keLRhE
OPSM1,68193306,VARSE,https://www.youtube.com/watch?v=tRhJf0NXUSw
Molten Mercury,64066032,ItsHybrid,https://www.youtube.com/watch?v=X8FcOkvi4SU
Aura (Ka1sa),73988608,Ka1sa,https://www.youtube.com/watch?v=AsqOXZMvqnc
Le Midd Mapperoonies,90597607,akunakun,https://www.youtube.com/watch?v=Ykmp8AUdx78
Titanic Thunderstorm,121682499,notged25,https://youtu.be/PJJkQ8bZbvw
Monstercat,60810066,f3lixsram,https://www.youtube.com/watch?v=SOX0DPhfUIs
Biohazard (ARtu),61997741,Artu,https://www.youtube.com/watch?v=x2JOy3owBU8
100HEX,96996017,kreno,https://www.youtube.com/watch?v=S_O0y_AhZ4I
Astrophobia,94772024,Jakalope,https://www.youtube.com/watch?v=whPSq4uFTK4
Advanced AirStream,58088534,AngryBoy0644,https://www.youtube.com/watch?v=_UFqVi_tck0
Omorfia,63559860,HHyper,https://www.youtube.com/watch?v=2c5p4K80Axg
Game Over,43357575,guillester,https://www.youtube.com/watch?v=tH5avKOW2w4
Project Nexus,106945900,NEKONGAMES,https://www.youtube.com/watch?v=3wf67Kt9gjE
L0L K3K,125658310,innayari,https://www.youtube.com/watch?v=Fh0PqykEArM
DEOGEN,100045298,SmoopInc,https://www.youtube.com/watch?v=9bc_cLzqYxw&t=13s
GewErbiX,68311699,Wintter,https://www.youtube.com/watch?v=ff515144d6I
Europa,108362533,l4tezk,https://www.youtube.com/watch?v=5UkzjtarfBQ
THE J,104131396,daneeko,https://www.youtube.com/watch?v=mRNkGm7DVLs
Glacial Torrent,57390800,Nell,https://www.youtube.com/watch?v=OikzOPhPK2s
MOTOR MOGOK,100213638,akunakun,https://www.youtube.com/watch?v=JPVQ6TFgUuU
Up and Down,92453242,Lykoz,https://www.youtube.com/watch?v=f7reCgHR2ZU
DeathWheel,122489524,TheGoodyGames,https://www.youtube.com/watch?v=kj2R3mzsVyI
Begin,100083590,BaimDaKing,https://www.youtube.com/watch?v=qFdTSuLbBFQ
water demon,97235578,hexitine,https://www.youtube.com/watch?v=lor5BeSXuDo
Untitled,68731559,iiLuna,https://www.youtube.com/watch?v=arG9DaacSLw&t=0s
Sysmique Locked,23579781,jakerz95,https://www.youtube.com/watch?v=xVg4Nxdw9Ho
Inside,114321891,Hypno,https://www.youtube.com/watch?v=j3KVUb7FnHU
Incandescent,65125096,Kapinapi,https://www.youtube.com/watch?v=zweIgUiIYPU
moment,68848817,Lexycat,https://www.youtube.com/watch?v=HBQhYLRgdvE
Azurite (royen),59533451,royen,https://www.youtube.com/watch?v=YxGL9_uEI8c
maddening,89678885,shmigels,https://www.youtube.com/watch?v=ETzeON0Iwvo
Ecstasy (SleyGD),65249411,SleyGD,https://www.youtube.com/watch?v=vfMktrwB6r4
HELIX (GoldSource),85292370,GoldSource,https://www.youtube.com/watch?v=Pr2IN0RkV3o
Ruler of Everything,83204544,ASBCHazel,https://www.youtube.com/watch?v=ZfnaZ2ifhdA
Tempest Tornado,60952893,Colorbolt,https://www.youtube.com/watch?v=R1o650eNd7g
gravity,77008332,Kaza,https://www.youtube.com/watch?v=Ba4PkcqiZa4
Bloodbath,10565740,Riot,https://www.youtube.com/watch?v=twTw4fjT0ik
Helix (LEOPUS),86687604,LEOPUS,https://www.youtube.com/watch?v=CwoYvTmhook
Eon,101478916,Renn241,https://www.youtube.com/watch?v=eYSTJC_q-8A
OUTPUT SPRING,108963146,TheRealXFuture,https://www.youtube.com/watch?v=iKrad6rQyLA&t=0s
Fellow Phobia,83298273,KydeR,https://www.youtube.com/watch?v=F5UZaBv-QhM
OOPZ,70252932,Insidee,https://www.youtube.com/watch?v=KkcD_MLvH4I
Idols,48175126,Zafkiel7,https://www.youtube.com/watch?v=EsKfImKvaFc
Pale Machine,126702304,Blueskii,https://www.youtube.com/watch?v=B3DgPQgdA1E
Siniristi,102520019,Leksitoo,https://www.youtube.com/watch?v=hCXOH__4DPc
Azure Fiesta,60923124,Dorami,https://www.youtube.com/watch?v=HiTfvNpwYCM
Motorbreath,81281891,TwisterDude161,https://www.youtube.com/watch?v=R41Yj8XpMhM&t=0s
Quaoar (ViPriN),80177488,-,https://www.youtube.com/watch?v=L1l0adZClX4
APEX,72941895,StarkytheSalad,https://www.youtube.com/watch?v=IQ6vsMiCCxc
ATMarbl,44706787,Pennutoh,https://www.youtube.com/watch?v=PanlasFe7ow
The Hell Factory,15265393,TeamN2,https://www.youtube.com/watch?v=MxzBAnBeZCE
Remember,104236312,Hypno,https://www.youtube.com/watch?v=C5BR9WTVqxw
A Berry,109890133,shmigels,https://www.youtube.com/watch?v=cman9UVtQHo
Blue Suns Zenith,91396136,IceboxOG,https://www.youtube.com/watch?v=VDu1O7vwKBg
Come Home,133612250,rustere,https://www.youtube.com/watch?v=Ru8QfNDW4LU
Le Fishe,80647754,PrankOrigami,https://www.youtube.com/watch?v=2DEC2_wpmu4&t=4316
Down Bass,8147005,Spectruh,https://www.youtube.com/watch?v=glrcPc_ObAQ
UnConTrolled,118982910,Yerylik,https://www.youtube.com/watch?v=stywJGF09LE
angel,143457831,Insxne97,https://www.youtube.com/watch?v=IhF9mAWJ9ZU
PROTOFLICKER,83340498,ewop,https://www.youtube.com/watch?v=bwn9pLDNzGs
cave of heart,84983693,ivyteal,https://www.youtube.com/watch?v=rZ7cd8zZ2oo
Grind District,118562989,Airz,https://www.youtube.com/watch?v=Y6pQFN3GJ0g
Blueprint,138169386,Water,https://youtu.be/V2W99MsV_ws?si=4_SAYcKofJ8IENgw
Putrefaction,144540926,Fawxu,https://www.youtube.com/watch?v=h9qn-lhkT6A
OUCH,114831718,AWESOMEME360,https://www.youtube.com/watch?v=-69C4QIr5Us
ECSTASY (Filqh),78277793,fil,https://www.youtube.com/watch?v=FVlPetRO47o
Barbaros Finale,79054135,Moffe,https://www.youtube.com/watch?v=oaZYk2gqfKQ
Dyad,120312886,AWESOMEME360,https://www.youtube.com/watch?v=TV6Bdol5Znk
i just wish i could,123804260,Snoozzzing,https://www.youtube.com/watch?v=jxFj4TEuq_A
Prismatic Haze,59899374,-,https://www.youtube.com/watch?v=RS5ZFcuaw3I
Sakupen Joy,139286842,spark,https://www.youtube.com/watch?v=6JrcM2wQSL8
SLAM,138082325,Darwin,https://youtu.be/ejUg0tWdV6U
Gang Plank Hell,49428328,Metalface221,https://www.youtube.com/watch?v=eqpWqAA4hp8
Core At Once,136134490,Airu7,https://youtu.be/5LpUf6iQB_Q?si=JHeD6LVYZIRpa1Jc
Heavens Door,91739197,TMco,https://www.youtube.com/watch?v=ikku6rDPOFM
A Bizarre Phantasm,16023141,TeamN2,https://www.youtube.com/watch?v=ivC0NJVPAwo
limitless,56321709,Konsi,https://www.youtube.com/watch?v=QjoMS3mpJUE
NeRUaL,79473624,Moffer,https://www.youtube.com/watch?v=rV_uq6JsBgk
Junk Realm,112309508,Helpegasus,https://www.youtube.com/watch?v=_qjFyW9-cYU
Artificial Ideology,27908448,TeamN2,https://www.youtube.com/watch?v=WRfaroi9PpA
Auroral Valhalla,113685088,Anirium,https://www.youtube.com/watch?v=Yem0ZuH92NU
MANIAC,136171812,eridani,https://www.youtube.com/watch?v=s_6uyoYzs-c
SUPERCONDUCTOR,117098295,At424,https://www.youtube.com/watch?v=2tflrzhMXxs
Want Me,63068474,para,https://www.youtube.com/watch?v=QYg68LaAxdc
corrupted volume,68121402,CybayaGD,https://www.youtube.com/watch?v=C3se-3c52kg
Thorny Path,49258171,Konsi,https://www.youtube.com/watch?v=pMcypSVD73s
Conical Depression,17711004,KrmaL,https://www.youtube.com/watch?v=wdEuFpV9CXw
Marathon (weoweoteo),57595201,weoweoteo,https://www.youtube.com/watch?v=B_L0ahpeYV4
PERFORATION,120082971,ElMaroca,https://www.youtube.com/watch?v=JhjmXEhPyD0
Goldcrest Palace,66858272,GrenadeofTacos,https://www.youtube.com/watch?v=YtFUZwqSvdY
Triple Six,56460850,-,https://www.youtube.com/watch?v=VLt8A5E3Fz4
Aurora (TheKris),28880422,TheKris,https://www.youtube.com/watch?v=vbsiPTq2JSw
Distortion,119663227,iamfinley,https://www.youtube.com/watch?v=MpEfbHCIB7o
EKO,79146983,PureDinoMight,https://www.youtube.com/watch?v=5Cj1bWRzoFA
Inflective,61591522,Mojitoz,https://www.youtube.com/watch?v=JR2Y8jIwLNk
Wayback Array,90036102,royen,https://www.youtube.com/watch?v=nUXsdyDkA7E
One5Seven,135037421,Sdslayer,https://youtu.be/FSbVh_JWwHM
Zurb,96418058,MASSIVESATAN,https://www.youtube.com/watch?v=VAXEopsVeIE
EVENT HORIZON,97195361,luhlamar ☀️,https://www.youtube.com/watch?v=c_elnm3hn-U
SL8O,82348741,mbedsun,https://www.youtube.com/watch?v=2Qd2Xc-F8Y0
Dream City,72908323,xSledgehammer,https://www.youtube.com/watch?v=ud2VtM5Soi0
time dilation,122269216,shmigels,https://youtu.be/PRW9_3nPfIg
Cromulent,48808692,RelayX,https://www.youtube.com/watch?v=ZNor5K6b4K4
Cluttered Confusion,92245045,Enfur,https://www.youtube.com/watch?v=jS4mM3wuULA
Tron,81753058,Funnygame,https://www.youtube.com/watch?v=qw3LvSZ5YOE
Frozen,69646791,RatQuesadilla,https://www.youtube.com/watch?v=V24ukFqez-Q
Callisto,86069819,l4tezk,https://www.youtube.com/watch?v=VHjqVqJZnt4
FLOAT,98371484,Neostic,https://www.youtube.com/watch?v=ZHaVdECD1HM
Electric Forest,93490967,MothEye,https://www.youtube.com/watch?v=oy6GCLqdj1o
Floating Maze,83107945,YoReid,https://www.youtube.com/watch?v=RbvAx29eR1E
Sodium,95338625,TheParadoxTeam,https://www.youtube.com/watch?v=i1i_Y6s9XJQ&t=5s
burn to dust,80588137,crazyllama,https://youtu.be/quF9hfaPZGo?si=dCjo9jDsEdz2Ln-H
N0,59966737,Metalface221,https://www.youtube.com/watch?v=G9MdcWZJk9o
shattered lens,119999975,XDjoa,https://www.youtube.com/watch?v=BJUWh8m3-0M
GO bird,108182698,AWESOMEME360,https://www.youtube.com/watch?v=GQfn3zOZE2Y
To The Blue Moon,90024795,vRidge,https://www.youtube.com/watch?v=dLYMnRIXPk8
FLAMETHROWER,106588541,kreno,https://www.youtube.com/watch?v=lLsItS8PF8I
i hate renn,91204586,Renn241,https://www.youtube.com/watch?v=MQRpK0nKfxc
Arctic Arena,35112531,Eclipsed,https://www.youtube.com/watch?v=S2DX2LIY8hM
Disentombed,63354496,YakobNugget,https://www.youtube.com/watch?v=3evS8bYMPGA
Pitfall Caverns,77415891,Meloo,https://www.youtube.com/watch?v=ESwv1paoGmI
QDYNAMIX,92788300,valentine,https://www.youtube.com/watch?v=JSXiYib1GS8
Scattered n Lost,111264308,TheBlackHell,https://www.youtube.com/watch?v=W0ZM1ZGlTu4
cytokinesis,93752979,CherryTeam,https://www.youtube.com/watch?v=h4LdCGQh92w
CLOWNS,90667326,Nehemia / Avanna,https://www.youtube.com/watch?v=vn50YpOln9k
Distinct Finale,145207092,iMinAY,https://www.youtube.com/watch?v=RpCfR3-HmLQ
Voltaic,73529215,AAAAAlex,https://www.youtube.com/watch?v=_Nve5nTOT7c
Techno Disco,121583598,M4th3oGames,https://www.youtube.com/watch?v=JnUiYhmZ6DI
TRIPPIN BALLS,114866844,w6w6w,https://www.youtube.com/watch?v=6YdRwNiFm54
Fever Dream (ElirpscalionPC),130119849,Elirpscalion,https://youtu.be/n3yM-gtWt78
same old,136107504,Eveteer,https://www.youtube.com/watch?v=8zBbp7Ogn4E
Overtime,83825373,KlaurosssS,https://www.youtube.com/watch?v=7sUqs0NjjHM
Karma,63471387,Artu,https://www.youtube.com/watch?v=_33VOfBOBBY
Koantaoh,121727506,Szilu,https://www.youtube.com/watch?v=JFqgL140k3c
Karasu,48229256,Zalgaryth,https://www.youtube.com/watch?v=Uw5P8SwFGsk
INNARDS,54588072,Kaito,https://www.youtube.com/watch?v=r2BI-N6rcas
Extinction,50060092,Chom,https://www.youtube.com/watch?v=IimtF_24Pq8
Tenebris,90869074,Mulpan,https://www.youtube.com/watch?v=C8_VU3p715M
Antonymph,124293350,Pncsr,https://www.youtube.com/watch?v=6Eic6yRC-fQ
Goodnight,111838262,Elirpscalion,https://youtu.be/if6zTGitr3c?si=zLPZq-FONNDRT9EC
Mecha Mayhem,44472956,DreamEater,https://www.youtube.com/watch?v=0lmLkpc-7Jo
6LACKLIGHT,135166699,mby,https://www.youtube.com/watch?v=kmxloxwwkPs
WaveBreaker,56779294,Lemons,https://www.youtube.com/watch?v=Uky3BixaaDc
Ninobytte,80698918,PikaSempai,https://www.youtube.com/watch?v=88KiGdv8ukA
ETERNAL,86996130,ivyteal,https://www.youtube.com/watch?v=a5Tnh2ft0y0&t=18s
PURE VALE,80735278,Custi,https://www.youtube.com/watch?v=t7JYczFNOXs
Treatment Facility,110233055,MMANH,https://www.youtube.com/watch?v=1X1-YpSrYFM
follow me CLOSELY,114516754,TheRealXFuture,https://www.youtube.com/watch?v=GrW9X3LV2Tc
INTO PETALS,88303189,s3batr0nic,https://www.youtube.com/watch?v=1YWMdhPOw60
Ch1ll Puddy,93971978,Bontic,https://www.youtube.com/watch?v=n6lFTKxftP0
Lovers Sadness,113464561,Insidee,https://www.youtube.com/watch?v=s9OSTz8Vp4Y
super kontik,83698783,varikoz,https://www.youtube.com/watch?v=Z0EI4_zxvwE
Empyrean,92957491,kivvvi,https://www.youtube.com/watch?v=fS_znr04rpc
Penultimate Phase,44186049,nwolc,https://www.youtube.com/watch?v=J2NNb0iddYM
neighborhood,93794284,Wyntaee,https://www.youtube.com/watch?v=CbotPj1xe5g
GrizzlyWare,136107498,TwisterDude161,https://youtu.be/OOcqU84IQU0
MINIMUM (Insidee),88108583,Insidee,https://www.youtube.com/watch?v=gcMk5O9MiSQ
FAULTY CODE,86230468,TheRealXFuture,https://www.youtube.com/watch?v=0IX6KUJpyWw
FTW,108267677,Blaster,https://www.youtube.com/watch?v=MUbztX2LbIQ
Zenith (Lan IIVX),129808953,Lan IIVX,https://youtu.be/m0MaJrpvRwQ
All In,96549270,l4tezk,https://www.youtube.com/watch?v=l1OxtmeZOUc
The Red Coronation,28779964,Ryan LC,https://www.youtube.com/watch?v=BVk5VsKyTvg
Novasphere,69753245,NeyvaShift,https://www.youtube.com/watch?v=v2xav4Jyqxg
Empress Blades,86752868,BlasterGamesBG,https://www.youtube.com/watch?v=ts2Wm07UKGg
Shinigami,93262795,CherryTeam,https://www.youtube.com/watch?v=VoUNh3yDjYw
GridLocked,50226022,Eclipsed,https://www.youtube.com/watch?v=SAWPCkxMBgs
The First,88292864,fusion425,https://www.youtube.com/watch?v=0O-io-RArk8
Welcome to your mind,82341813,purplegalaxy,https://www.youtube.com/watch?v=WDoTE4OX0BI
Snowfall Storm,68743944,notged25,https://www.youtube.com/watch?v=7KbHARAj75w
Ancient Travel,55962849,Metalface221,https://www.youtube.com/watch?v=VvFtbtiXAHE
lunar,123392717,superigg,https://www.youtube.com/watch?v=lVQEI880x0k
Im Leaving,99055657,notcyanide,https://www.youtube.com/watch?v=125T8Wq4TFc
PISTON,128235819,danielsbadkarma,https://www.youtube.com/watch?v=fWy1RABzRnE
Ethereal Entity,89441368,8BitFudge,https://www.youtube.com/watch?v=2Ze4nDj-llc
Novalis,33748382,GrylleX,https://www.youtube.com/watch?v=yq58ZQI4zPM
Digital Disarray,57390806,Giron,https://www.youtube.com/watch?v=y7SZZqOH2Ug
The Hell Dignity,35579890,Stormfly,https://www.youtube.com/watch?v=nQuVjZ11Lyw
Complementary Cruise,77159883,Hero3210,https://www.youtube.com/watch?v=HaIwEPS2mkw
Solstice,85085685,OliSW,https://www.youtube.com/watch?v=F0A2VhfhDd8
Glimmer,65320079,Imjum,https://www.youtube.com/watch?v=9kX0UsCMVpw
EMPTINESS,71599414,Arsid,https://www.youtube.com/watch?v=oXYWITEzZBQ
Metal Requiem,93910243,CairoX,https://www.youtube.com/watch?v=UK1tvNjSlq0
Disintegrate,106136331,kingsman265,https://www.youtube.com/watch?v=ylhn86qNmIQ
Tesseract Force,91413592,Edooox,https://www.youtube.com/watch?v=yGOOXL1e2UM
laranja azul rosa,92287510,shmigels,https://www.youtube.com/watch?v=4D3nKW295wI
plunq,136984556,Criko,https://www.youtube.com/watch?v=jjmn3_J8T5s
gardening map,94068248,kalculus19,https://www.youtube.com/watch?v=naSjt-5J9gU
wires,95927040,korviid,https://youtu.be/bAEMHmpBikc
Galaxy Gas,116401475,xSlendy,https://www.youtube.com/watch?v=uMmLZ1BCM6o
Sigma Interface,62551239,Platnuu,https://www.youtube.com/watch?v=zU1YH1AR8ok
aftermath,25610878,Exenity,https://www.youtube.com/watch?v=iLCcJyh5c5k
I Wanted To Sleep,121266410,Hidden,https://www.youtube.com/watch?v=WO0N_oYUYJk
Agen Wida,86513236,Unbipentium,https://www.youtube.com/watch?v=3L9AQCuOX6A
love0,111351512,AWESOMEME360,https://www.youtube.com/watch?v=yr-KD7ML3dM
Perfect in Place,128182358,Jemma,https://www.youtube.com/watch?v=hqqCCERAsAg
Mirage,63045458,Golden,https://www.youtube.com/watch?v=V36lGkRI3B8
ChopStep,87333912,GiaMMix,https://www.youtube.com/watch?v=MVXLfK0Fbhg
MINIMUM (Sivlol),90335871,Sivlol,https://www.youtube.com/watch?v=MhC6_efLylc
HAPPY PILLS,104237346,Arturlist,https://www.youtube.com/watch?v=2nr4aNdCdoo
Shape of the Sun,50167853,AleeXhey,https://www.youtube.com/watch?v=LXLaOWeQL0E
Twisted Tranquility,32920197,Flukester,https://www.youtube.com/watch?v=TiaOm9j36Pg
Cat Planet,84766628,icedcave,https://www.youtube.com/watch?v=Y6tQx5ty_u8
Stressed Out,118078448,meph,https://www.youtube.com/watch?v=V0dzmxhHjuI
SHATTER ,67622133,-,https://youtu.be/H1_cZYWTvtY
Godspeed,117710857,Rynoxious,https://www.youtube.com/watch?v=rbaz0zFNwHk
retrophonic,137363768,ZeroSR,https://www.youtube.com/watch?v=pxmhOymb7Fw
Plasma Pulse III,20159880,xSmokes,https://www.youtube.com/watch?v=obz_F8jnBUU
Venom Valley,112921547,Crysticai,https://www.youtube.com/watch?v=zxomIqWykEQ
Deflective,66315180,Mojitoz,https://www.youtube.com/watch?v=0y6ritJ3AJs
PanaSonic,33364327,-,https://www.youtube.com/watch?v=yXPA9Vjrrpk
F3XMAXXING,134837425,Slick,https://youtu.be/o6KKFpx2-EA?si=FYnJl_otmPcU9gre
playing possum,70473423,skywalker14,https://www.youtube.com/watch?v=vr3cd2YoG1g
Rift,106905149,hazel_szl,https://www.youtube.com/watch?v=8Fu3wIVWXko
Vitrilyx,94932876,Elevens,https://www.youtube.com/watch?v=l3RqT5V4MoA
U235,83357887,oleki,https://www.youtube.com/watch?v=-9v9wVGXf1E
Xeriscape,94200487,GeoNorway,https://www.youtube.com/watch?v=rE8K9VVhS9c
Concaved Memories,57559425,CairoX,https://www.youtube.com/watch?v=dHn4CbB0xTI
Niflheim,30194711,Vismuth,https://www.youtube.com/watch?v=FFAHbgkNH10
SINK (OwOPink),130093630,Pink,https://www.youtube.com/watch?v=PW4gVtJDVhY
KINGSLAYER,84813026,MothEye,https://www.youtube.com/watch?v=exSJrLme6so
Maybe Possibly Thing,60284098,iNubble,https://www.youtube.com/watch?v=u7dBdD531As
Annihilation Nation,48008831,-,https://www.youtube.com/watch?v=6WiRsUbg2MQ
Manic Machine,84829178,TwisterDude161,https://www.youtube.com/watch?v=EfQWT1HP-mI
Circuit Breaker,78530747,-,https://youtu.be/L91vPotgNGc
FURY TECH,123618823,PikachuFan,https://youtu.be/dO0NkSRWXx4
Olly,137472888,ItzApex,https://www.youtube.com/watch?v=-4CXl1ktXig
Entropy,90008077,St1ngGD,https://www.youtube.com/watch?v=7oDf5p9Thec
Momentary Affection,118533277,TheBlackHell,https://www.youtube.com/watch?v=z9sJ5_2i0OM
DREAMING,84937326,TrueInverse,https://www.youtube.com/watch?v=uoE4sW_GYmo
can i have mod now,111710277,Devilmine,https://www.youtube.com/watch?v=BaFBY0d9Rh4
Seaglass Foundry,105189665,SundayGMD,https://www.youtube.com/watch?v=6fc9CoYtNFw
AUX cord,77690694,cordeaux,https://www.youtube.com/watch?v=5pKZQFFgDMQ
Fingerdash v3,59746010,Noriega,https://www.youtube.com/watch?v=IeKF2wU_41g
Libertas,60387034,WOOGI1411,https://www.youtube.com/watch?v=cfBZ8af0XDo
Elliptic Curve,59518611,Mulpan,https://www.youtube.com/watch?v=7YjMwlIfPJs
Audio Extraction,22434793,GoodSmile,https://www.youtube.com/watch?v=RyjPsu84PMs
BROWNOIX,82148336,ArtaxFerSarh,https://www.youtube.com/watch?v=rd63muZhe_Y
Betelgeuse,74986585,Zanna83,https://www.youtube.com/watch?v=aNfO1Uu7oCk
Huellas En La Nieve,99986674,notlsa,https://www.youtube.com/watch?v=4A2XyyMsLUk
Redemption Arc,96846935,Wulzy,https://www.youtube.com/watch?v=TN5tAQO61Sc
Torsion,65982725,Raivolt,https://www.youtube.com/watch?v=G4qETK9rs7M
Lit Path,97175254,Mistically,https://www.youtube.com/watch?v=RIyvgfhubIA
devins thorn zone,98911329,ItzJitterbug325,https://www.youtube.com/watch?v=g5A__p6hoIU
Vermilion,95313820,Yakimaru,https://www.youtube.com/watch?v=U0-YsfHQO3c
Triangle Death Chute,110200242,shmigels,https://www.youtube.com/watch?v=iFPCImPUVIo
No Ember,97018775,arplight,https://www.youtube.com/watch?v=H4125hbip7k&t=0s
Lyrae,101341519,Skele,https://www.youtube.com/watch?v=KI5vpoHRuSY
BRAINROT,105640254,InfernuZ,https://www.youtube.com/watch?v=YcYlSMBHsaU
GEODE,81688494,ivyteal,https://www.youtube.com/watch?v=otuvCbiinmU
Synergy,87390464,Vlacc,https://www.youtube.com/watch?v=U0H3zMRQ-mI
Nemesis,96862932,ItzAdrift,https://www.youtube.com/watch?v=G6-EPshcMoc
Malevolent Maelstrom,83214961,Aimbotter2123,https://www.youtube.com/watch?v=c1D58PZzswg
Swirling Serenity,95356862,Koopazu,https://www.youtube.com/watch?v=T3lcn0_COFk
SorryForPartyRocking,86263198,AWESOMEME360,https://www.youtube.com/watch?v=SqLzP2JfRng
Sky Conflux,111372142,Ghotstav,https://www.youtube.com/watch?v=zeoipJPOt58
Caution,62759650,JustaGDplay3r,https://www.youtube.com/watch?v=jeMSIweyQlA
Halberd,63377357,notlsa,https://www.youtube.com/watch?v=yqxlKM8DJI0
YeeSangHaeYo,81010355,Kai316,https://www.youtube.com/watch?v=L1LCl0v9jjY
Heat Wave,45818014,Nico99,https://www.youtube.com/watch?v=VbZhAOe7bXY
Warios Gold MinE,109877068,stanstanmansan,https://www.youtube.com/watch?v=fRB5ZA-bIRw
To the Exosphere,91000246,Vizitek,https://www.youtube.com/watch?v=FaP7LJqecEE
Cassette,114554827,ZaZa GD,https://youtu.be/U8BVk3oGYkc
Glide,55184818,crohn44,https://www.youtube.com/watch?v=IFw94EqMudg
Esencia,54988894,Zafkiel7,https://www.youtube.com/watch?v=xr__MN_5k5Q
Aureole,66044291,ItsXZ,https://www.youtube.com/watch?v=CBhoEEj0kig
Dance Til Dawn,92056601,Fourtex,https://www.youtube.com/watch?v=kZpfa_2LfUU
Evangelion,62151546,Yoonsrdynamix,https://www.youtube.com/watch?v=ATh4tbIz0HM
Draco Meteor,78653808,AgarOther,https://www.youtube.com/watch?v=s-IqcToxu2s
SLAY MOMENT,118366680,ItsMeGeoGD,https://www.youtube.com/watch?v=O4cyhCpTT_c
Heartbeat (KrmaL),20321297,KrmaL,https://www.youtube.com/watch?v=UDVbmaJGlKQ
Neon Mixtape Tour,105018739,TwisterDude161,https://www.youtube.com/watch?v=QMlRiUHwZ9c
GANGIMARI,85698971,64x,https://www.youtube.com/watch?v=-643p9-Zs0Q
Dumbest Girl Alive,90064781,Renn241,https://www.youtube.com/watch?v=j8gEngrc1bg
Totem,83570278,kivvvi,https://www.youtube.com/watch?v=zjuHxSal16g
Endurance,87498876,Bizaare,https://www.youtube.com/watch?v=tw8iuSIH8gI&t=564s
Lightness,105627215,ShawDowBoy,https://www.youtube.com/watch?v=amA6yFcNQ_U
Weald,89046759,Cypherr,https://youtu.be/B7K_LaK0tvg
me when machine gang,93281587,akunakun,https://www.youtube.com/watch?v=W88R-4fFCIY
Just A Bunch Of Idea,131654854,ovexra,https://www.youtube.com/watch?v=YF77QbN4TpU
Metalic Destruction,44916254,akunakun,https://www.youtube.com/watch?v=BLOxSuBTFrI
Avalanche (Filqh),38325880,fil,https://www.youtube.com/watch?v=by16NuHWEIc
Warning,72414148,TwisterDude161,https://www.youtube.com/watch?v=veQc-9I-6FE
Daydream,65633532,Yendis,https://www.youtube.com/watch?v=5HXK3TFG1H4
Apparition,71696716,Annon,https://www.youtube.com/watch?v=zrfzFgSdS3A
Brain Power,104444534,Zafkiel7,https://www.youtube.com/watch?v=ThroGkahQFw
Vociferous,79546293,Renn241,https://www.youtube.com/watch?v=x2IOlVDl60Y
To The Stars II,66807123,aeonair,https://www.youtube.com/watch?v=8Y0yFT2GhRA
Instant Execution,29807508,Plexidit,https://www.youtube.com/watch?v=Knz2Arp0N5s
Graphite World,81518815,GangstaSpongebo,https://www.youtube.com/watch?v=7lTcxuw6JbA
Out of Chaos,91795562,Arraegen,https://www.youtube.com/watch?v=TH2IrZ9SeIw
VIRTUE,72943745,VARSE,https://www.youtube.com/watch?v=S4_83rE3wps
Under lavaland,44169362,N R G,https://www.youtube.com/watch?v=jHnz395AMao
Myocardia,75248070,Toughfey,https://www.youtube.com/watch?v=XdHdazbChbs
Reflective,78831233,Mojitoz,https://www.youtube.com/watch?v=1fzhBT_7Fos
Exotic Energy,57312412,Ellisha,https://www.youtube.com/watch?v=ZAjHCEqM84U
Lotus,104619741,ZeroSR,https://www.youtube.com/watch?v=j3j1H66vs8c
Icon Breaker 2,140061776,shmigels,https://www.youtube.com/watch?v=UAP1OrdZqQw
The Ultimate Return,116124917,vit12,https://www.youtube.com/watch?v=erEFeQGLuuU
Disastrous Downpour,77205012,Kodex360,https://www.youtube.com/watch?v=qnSbGOeFD2M
Vexatious,96050702,vonic,https://www.youtube.com/watch?v=uDZtsfM2cS4
Wacky McWhackface v2,93019675,Szilu,https://www.youtube.com/watch?v=p6gXgurkL4o
Ergonomic Chair,121864716,さきら 🌸,https://www.youtube.com/watch?v=4V2hcve-Dcc
Specthys,123501215,gBen,https://www.youtube.com/watch?v=5oS0FPGNwgk
Destinies,108672705,NinSam,https://www.youtube.com/watch?v=_NdJsQv23eI
TREMORS,89471892,thazm,https://www.youtube.com/watch?v=KQGxQJzpc3Y
Hydraulic Overdrive,35680614,Xyriak,https://www.youtube.com/watch?v=8zHlJz2Gl8Y
HyperHyperHyperHyper,119189795,Twandash,https://www.youtube.com/watch?v=zcLjoa6mg3U
court circuit,89976481,Fafenel,https://www.youtube.com/watch?v=kqhzFWqIAxA
Impasse,70211427,henryDS,https://www.youtube.com/watch?v=QeXQ7xsuXWA
sarthix,75232616,Zeptrus,https://www.youtube.com/watch?v=2qFVJ6BfArY
EX,88660668,MrSpaghetti,https://www.youtube.com/watch?v=-TDNhsxYxUc
Runtime Error,113036509,AAAAAlex,https://www.youtube.com/watch?v=YFufTMjUxp4
Chub Chub,89794133,EnTrix23,https://www.youtube.com/watch?v=Pvcsp7xoj_Y
Mjolnir,77878647,iHermes,https://www.youtube.com/watch?v=FyB9RTUk8iE
HyperLuma,109795047,hypoluna,https://www.youtube.com/watch?v=asu_VYakCTs
last ship was cool,103748335,gecko,https://www.youtube.com/watch?v=g_Lz4DvjDDc
Spacious Senses,126557029,QuazeryIceCube,https://www.youtube.com/watch?v=U-aW534KOUg
Welcome To GD News,87072454,vortrox,https://www.youtube.com/watch?v=V3q6QA5lzG4
1330X,78374157,ewop,https://www.youtube.com/watch?v=cLodtmmgm8g
TORNADO,83098728,BIANOX,https://www.youtube.com/watch?v=xC8Emqk5t18
vast waters,107653994,HangyKing,https://www.youtube.com/watch?v=Q2Oa7Gdw3A4
Hopping Over Puddles,96383314,J27Blaze,https://www.youtube.com/watch?v=XHNwrGqco2s
4ucked Up,92473158,Lordequacc,https://www.youtube.com/watch?v=FRdIA_aiTvo
Electrical Fusion,113769437,iIiPentagoNiIi,https://youtu.be/JnntmocFQd4
WNDLSS LNDSCP,133299407,riley,https://www.youtube.com/watch?v=KwK2FYdGq5c
Reaper Lair,95617660,BloomOcean,https://www.youtube.com/watch?v=vTZmN-_WC8s
Wind Storm,88940074,Aimbotter2123,https://www.youtube.com/watch?v=d9rerABc9oc
Time Pulse,67699606,XinpA,https://www.youtube.com/watch?v=RYJAxJYkUTs
Pumped Up Kicks,48353992,Quiken,https://www.youtube.com/watch?v=fol9xmmFUBI
ONVIL FACTORY,113723435,cordeaux,https://youtu.be/e1gPs3A8bUM
recollection,112625737,নিίίί ,https://www.youtube.com/watch?v=vcZgvIEdRGk
Recrystallize,87871245,GrenadeofTacos,https://www.youtube.com/watch?v=L5v10dWgieM
Death Sentence ,109855055,d3vilishark,https://youtu.be/v61z9eD9cZU
FUTURE DEMON MACHINE,94923922,Bordonn,https://www.youtube.com/watch?v=muR5G5zwlnM
Cupid,95757926,vyp,https://www.youtube.com/watch?v=6HKERcnzQsU
Sleepwalking,126978758,Water,https://www.youtube.com/watch?v=LKqv7k-_Sto
CRUEL,114996529,Denni,https://youtu.be/oSPEx2I6OWc
Thoughtless Space,135282166,KZLR,https://www.youtube.com/watch?v=qex8lf7FOlQ
sunburn,73005068,pocke,https://www.youtube.com/watch?v=YQc5YhhFUoM
Skrrah,46510793,VirtualCrack,https://www.youtube.com/watch?v=9jDJ12bp-fw
Lonely Lights,72785216,Elvii,https://www.youtube.com/watch?v=0voiQses3W4
Frightful Melody,51311699,RadiationV2,https://www.youtube.com/watch?v=nKIaF44YZ_k
A2Marbl,59141478,Golden,https://www.youtube.com/watch?v=VVIwks1J9Z4
NEKOTINE,110335946,Foxdee,https://www.youtube.com/watch?v=M1m0oI08Szg
4Elements,91692203,royen,https://youtu.be/pMxt6eDhMJU
Gaming,84765340,Polarbeahr,https://www.youtube.com/watch?v=jW_yi87__3w
Yeo Baek,113336301,aiden1204,https://youtu.be/8Mjzl_m_2Ik
Another Phase,74194269,Cersia,https://www.youtube.com/watch?v=rNBnwGBYI7o
Grill Kill,54833498,MikeWheelerFan,https://www.youtube.com/watch?v=kVzmcHGMcpY
Pound Town,43638852,Platnuu,https://www.youtube.com/watch?v=j9WagH2eQMs
The Grotto,108897593,greencubed,https://www.youtube.com/watch?v=_rBwYMrBdhE
Hades,100826801,XZ,https://www.youtube.com/watch?v=_EsjFPlmi4o
morning vibe,118044718,Lupo,https://www.youtube.com/watch?v=SoZwbuVdgRQ
Convulsing Light,132904827,Yerylik,https://youtu.be/ZVcyHxw_XAU
RIVERS OF NAZARETH,114422869,AudieoVisual,https://www.youtube.com/watch?v=xshV3v2H3_E
Reeses Potentially 2,128991737,chloechu,https://www.youtube.com/watch?v=fajFdyy5vTM
Shukufuku,93916671,Joker179114,https://www.youtube.com/watch?v=BNaixSQPmys
Zen Blast,130508187,TwisterDude161,https://youtu.be/jqXJlrsqaT0
MasmeCrescent,115479370,Norbex,https://www.youtube.com/watch?v=Fzj_QyKNhh4
Eternal Dreams,100486896,kaacu,https://www.youtube.com/watch?v=fyLeP8i0bOU
loop,89156629,Darmuth,https://www.youtube.com/watch?v=--oJYnAGxt0
Zenith (HJfod),55334106,HJfod,https://www.youtube.com/watch?v=88Wnj9ZxAKk
Canneles au chocolat,111849025,AlaskaFX,https://www.youtube.com/watch?v=TLY3lznqL-s
ABSURDIA,102017741,BowtieGD,https://www.youtube.com/watch?v=E2p1U60IG5s
wutend,108378056,wonduu,https://www.youtube.com/watch?v=WTvz13W0e-A
Psychopath (Skulzi),96970924,Skulzi,https://www.youtube.com/watch?v=Lk8vgzyWXhE
Armageddon,62781860,Manix648,https://www.youtube.com/watch?v=rX9BX1WP8z8
NecropoliX,36449129,Namtar,https://www.youtube.com/watch?v=oV9Oj7YyhpQ
AMPLIFY,135969418,hawkpiggypig,https://www.youtube.com/watch?v=gmMLy6sI3MY
Noble Plague,114607963,FroxyPlay,https://www.youtube.com/watch?v=o9sFsbyAGB8
PAINFUL PLAYLAND,90922017,TwisterDude161,https://www.youtube.com/watch?v=OngPoKhMIsE
Four (shoe42),139763131,shoe,https://youtu.be/lVEv8hUz2Fc?is=dXBZwC3D6p1bKLn4
KOLOR KORE,125771235,peng,https://youtu.be/sqH-sNaBdwc
cerebral hemorrhage,88853479,NateFH,https://www.youtube.com/watch?v=7NzvIfVWgPw
IH8,126077717,GDence,https://www.youtube.com/watch?v=6VbY20T0D7Q
nowdead,69459902,meowdead,https://www.youtube.com/watch?v=FX51YdgiHwg
I NEVER DREAM,76931927,skywalker14,https://www.youtube.com/watch?v=9bumyVCkPiw
Artificial Dream,38550757,iIiViRuZiIi,https://www.youtube.com/watch?v=C-2PUPD6Rw4
RTX ON,81549790,TypicalGMD,https://www.youtube.com/watch?v=EDh8lrG37hY&t=0s
TUAPEKA,92299438,feijoaoa,https://www.youtube.com/watch?v=UOaGBEbGXwc
The Antimatter,36155309,BIANOX,https://www.youtube.com/watch?v=ZV590RxANVM
gloss,95568649,shmigels,https://www.youtube.com/watch?v=QvbfDw1b038
Paranoid,141179568,Deppied,https://www.youtube.com/watch?v=IaAKv5OWPGc
THE DRIP TRIP,93429323,Tinraz,https://www.youtube.com/watch?v=v6FRQVEfl3A
Once Again,95911424,DuskerHu,https://www.youtube.com/watch?v=VEIAE9yFu94
Brave,137059352,Bronwyn,https://youtu.be/5bOsUnWn52Y
Mandragora,60480035,GD ParaDoX,https://www.youtube.com/watch?v=IfP_SvxviU8
HURRICANE,60726930,BIANOX,https://www.youtube.com/watch?v=WQcGIY8_28c
SAITAMA 2000,140826973,胡彁,https://www.youtube.com/watch?v=jypXa8rqvpg
Fair Morning,130554006,Shrympo,https://youtu.be/dURH4xazjUg
Fexty,25449475,SkyJax,https://www.youtube.com/watch?v=xwe1MbOjdpU
CHERRYCRUSH,129447575,VRAPUR,https://youtu.be/1IbQ2PAW7Q0?si=6y_Ydfh1Fn2fzIDT
SUBVERSIVE,20937583,Snowr33de,https://www.youtube.com/watch?v=9sxy51MfUKU
iI HOT Ii,130447818,ernack,https://www.youtube.com/watch?v=9JBHrGw8wtk
Marlboro reds,103953282,xSlendy,https://www.youtube.com/watch?v=tWI2dfkCXys
Violently X,39976494,Dorami,https://www.youtube.com/watch?v=RIlGvcTN9dc
Luma,114849191,Zomore,https://www.youtube.com/watch?v=BUlCPtwXizg
Steel Terrors,119653522,DreamZoneGD,https://www.youtube.com/watch?v=v6v6Qhv1VNM
Quadratic Function,105290756,TwisterDude161,https://www.youtube.com/watch?v=9ZwZZJuAsss
The Man With No Eyes,113710624,Plushiest,https://www.youtube.com/watch?v=JUHSjgLoarE
The Ultimate Phase,7174110,Andromeda,https://www.youtube.com/watch?v=kUTC700-5UA
The Rainbow Switch,96858692,ImMantaa,https://www.youtube.com/watch?v=ztJY4l4ftBI
In Circles,119133802,SomieStuff,https://www.youtube.com/watch?v=2WyXJks0v9c
SMASH,95263403,thazm,https://www.youtube.com/watch?v=llGDvtm47_U
LA43,95369105,Viteral,https://youtu.be/egiPY_UryN8?si=Lh_BVL1msiq47eQv
stand in the snow,89437280,Arkki,https://www.youtube.com/watch?v=GluR-NQqXHQ
squelch,116820901,whlt,https://www.youtube.com/watch?v=pM8f9Aqq3fA
EXTREME MEMORY MIX,128765333,At424,https://www.youtube.com/watch?v=JgoR9rI6VAA
Cyberstorm,87668112,ThatJack,https://www.youtube.com/watch?v=sJMu7TZWCMw
Vanish,109670049,SeoRo,https://www.youtube.com/watch?v=IiLVSqOsA70
Haircut,134325077,Metalface221,https://www.youtube.com/watch?v=NeV6S5TB2i8
pulsation,83948570,SpranktonGD,https://www.youtube.com/watch?v=JdngDCnD7C0
Semicolon 3,81944593,TheRealXFuture,https://youtu.be/IGZfKCbVxCw
cloudscape,94741609,DivideNick,https://www.youtube.com/watch?v=7JB3dgrlmRk
Aurorae,60150813,Skele,https://www.youtube.com/watch?v=bk46iBNHRCI
M A N I X,30586021,KrmaL,https://www.youtube.com/watch?v=HJH4d2LT4c4
Acrozis,71136146,Renedi,https://www.youtube.com/watch?v=0s0bp9oYW3k
Dismay (ewop),64680297,ewop,https://www.youtube.com/watch?v=3aYIYYP3iF8
Gaming 35,111230291,Zoink Doink,https://www.youtube.com/watch?v=nU8OGvAEK9Q
Nacreous Snowmelt,112777891,Zyraa,https://www.youtube.com/watch?v=opus84D6oaA
KUB,89145099,WaRiox,https://www.youtube.com/watch?v=e5DQ86rP3cw&t=0s
Generic Glow Level,94862078,Df0rDie,https://www.youtube.com/watch?v=sjBHRh1cuFM&t=0s
Ichor,135651776,GD Monkey,https://www.youtube.com/watch?v=dM-ffhR1pa8
CodeName Finale,134325158,Crisis23,https://www.youtube.com/watch?v=kRGKmR_OG4U
headlock,94353238,pocke,https://www.youtube.com/watch?v=N6bnX5zX3-U
Aksion,85937779,Imjum,https://www.youtube.com/watch?v=NofcZecYHaY
Psychotic,89277532,ch4rlie03,https://www.youtube.com/watch?v=utxJb62_93c
15 Step,90692678,Shebam,https://youtu.be/BKUdI9NRUAo
Sky tech,38047229,Giron,https://www.youtube.com/watch?v=NtP9QXV96G8
wtf,93570042,madamEllyza,https://www.youtube.com/watch?v=qKwzwgEFqCs
BYE,61350256,AlrexX,https://www.youtube.com/watch?v=jJ3jCbL6Jwk
MAKE ME SAD,98018943,santiachu,https://youtu.be/Q8OkMRTWAkk
Techno Flashes,103000561,Javixed4,https://www.youtube.com/watch?v=PbabJouUOn0
Crowded Void,93749484,playeruan,https://www.youtube.com/watch?v=atItNekzO0Q
Broken Signal,69108628,-,https://www.youtube.com/watch?v=3xo1b5kMTbE
INFLAMMABLE INFUSION,76714808,vonic,https://www.youtube.com/watch?v=3qp09BGWTpE
Volume,48020496,Metalface221,https://www.youtube.com/watch?v=SdPqLKYp-Uc
Mazemory,105609694,McCoco,https://www.youtube.com/watch?v=L3q-2BWHD1U
Aura (Duque01),117428580,Duque,https://www.youtube.com/watch?v=trfymwHmqGo
SEGFAULT,105834559,AAAAAlex,https://www.youtube.com/watch?v=USYBhxRJqt8
reverence,63433024,Woom,https://www.youtube.com/watch?v=eCKcTUulyRU
Carbon,86754759,purzin,https://www.youtube.com/watch?v=cRyU4ixc1y4
On1y Cub3,73878822,DrCuber,https://www.youtube.com/watch?v=ti2pZXblNcA
your brain on brain,117525559,sillymn,https://www.youtube.com/watch?v=jKVYA2pkfDU
Napalm,65561437,Marwec,https://www.youtube.com/watch?v=ND--Ai4XVfM
Stellaluna,77312559,SamMaxx,https://www.youtube.com/watch?v=pSmK6L3b58o
PARANOIA (AAAAAlex),134649363,AAAAAlex,https://youtu.be/FgJb1YSz9mg
Tech Manifestation,55985772,Pleoslim,https://www.youtube.com/watch?v=gwMgZt_jRx4
Silverstone Hills,136953694,WallyWyvern,https://youtu.be/vqhY_5Qklw0?si=BP1Xz0LLHggyK3uu
ElectroLux,59672357,Zafkiel7,https://www.youtube.com/watch?v=JJ3TXB6_4tk
Interstellar Entropy,68578147,LastPrismAlex,https://www.youtube.com/watch?v=2ZEgYrj253o
BOINKERS,116306886,charisma,https://www.youtube.com/watch?v=8TgNtha0WKk
Our Fountain,58023558,LP44,https://www.youtube.com/watch?v=2y3WyRJtiSE
STARBREAKER,123386255,ClingingBog,https://www.youtube.com/watch?v=vn6SGssOS94
Bored Walk,75700448,DracoZeon,https://www.youtube.com/watch?v=bvQc5-27YYg
Retention,18697406,WOOGI1411,https://www.youtube.com/watch?v=3VUfd7jRt5U
Falling Up,24301797,KrmaL,https://www.youtube.com/watch?v=gHHqPIvZXeM
Enlightened memories,78011370,nyseoul,https://www.youtube.com/watch?v=-k_sp_Fhp_I
Shimmer (MercuryDT),114510471,MercuryDT,https://www.youtube.com/watch?v=OUiio20TQjM
NO MORE,97087325,Sergio el nino,https://www.youtube.com/watch?v=0-0buhMrbrU
ROW,117907680,ewop,https://www.youtube.com/watch?v=jFCFHQRrkU4
La Llorona,92362284,CherryTeam,https://www.youtube.com/watch?v=VkCtDzApuik
Ferrum Frenzy,64239577,XinpA,https://www.youtube.com/watch?v=Qt6EVbWC8uA
PLUS ULTRA,60512120,ILRELL,https://www.youtube.com/watch?v=kqsaJ-MEzSs&t=2s
Ballistic Funk,63862905,IronIngot,https://www.youtube.com/watch?v=KqM9-PkhrPM&t=104s
SMARTISH MODE,89901532,Enfur,https://www.youtube.com/watch?v=fzzJgTJ190o
Vacant,93596347,BuiltInMacro,https://www.youtube.com/watch?v=YWsBJNd5vCY
Last Station,85492715,PikaSempai,https://www.youtube.com/watch?v=oLoGO-T7PD8
Wintertime,66910690,VigorousGard3n,https://www.youtube.com/watch?v=wzLCHYNux2Q
FirePower (MrLorenzo),55955642,MrLorenzo,https://www.youtube.com/watch?v=k4c19pkOnd8
ZOOOOOOOOOOOOOOOOOOM,95228237,AWESOMEME360,https://www.youtube.com/watch?v=Rxb5iRPh_Gw
SHURIMA,113138918,stcubing,https://www.youtube.com/watch?v=ceiEzf3srJ0
ILOVECYAN,78119012,AVRG,https://www.youtube.com/watch?v=4uKEwdLnRck
Red World Rebirth,20077821,Riot,https://www.youtube.com/watch?v=WsxDUMLRqN4
Backlights,91701349,Kodex360,https://www.youtube.com/watch?v=hylx3_-UYf4
YIPPEE,101948024,Enfur,https://www.youtube.com/watch?v=NpRdrd9JoGs
3ABNCNMOCT6,118685630,IIIGamBiTIII,https://www.youtube.com/watch?v=_1UH6cNOfao
Cybersonic,124483358,iMinaY,https://www.youtube.com/watch?v=NfGt4PvKMxU
Evil Inside,119203367,Sycor,https://www.youtube.com/watch?v=ywX1W8TDlns
POURING,126958331,KadziGD,https://www.youtube.com/watch?v=1W6qwUaLv5A
Clown Control,113620104,ThePurgatory115,https://www.youtube.com/watch?v=RRt-r1U4Pt4
Northern Essence,116415188,YouknowwhoGD,https://www.youtube.com/watch?v=lSZxrAKGgdU
XtC,106508870,jbooster,https://www.youtube.com/watch?v=RMdHvEL3r9M
Heart Attack,89190831,Derpskull,https://www.youtube.com/watch?v=Uq5f6qM6e0k
Evil Depths,88506157,LengthyRat,https://www.youtube.com/watch?v=a7lkwIZiVTQ
Dismal Duststorm,89201076,Multiverse55,https://www.youtube.com/watch?v=l-hYBdrM0bc&t=19s
Azure Metropolis,136107492,Koopazu,https://www.youtube.com/watch?v=HbSU7EceveY
Diligence,62419473,Davphla,https://www.youtube.com/watch?v=hOwAx1Mn6o8
Extremoduro,123111660,Blogde,https://www.youtube.com/watch?v=mCrbDDMnwmk
Dark Rivalry,40895189,Flex,https://www.youtube.com/watch?v=tJOgXEUsJ_E
Breakout (Surv),25241513,Surv,https://www.youtube.com/watch?v=foEA5hS1aUw
Zettabyte,56089612,Jenkins,https://www.youtube.com/watch?v=Dbl99ctIc_E
Stasis,119137644,Arraegen,https://www.youtube.com/watch?v=soy5vOLrmpk
Xas tech,129826991,MineCat9000,https://www.youtube.com/watch?v=c3tS9NxsvKU
JRJRJR,115169829,ivyteal,https://www.youtube.com/watch?v=8OiKTAbJ8L8&t=0s
Extinction II,129289951,YouknowwhoGD,https://www.youtube.com/watch?v=KJoHYfsluow
Cosmic Cluster,84849805,AlrexX,https://www.youtube.com/watch?v=0Ungg9l5JU0
Unearthed,50833396,YakobNugget,https://www.youtube.com/watch?v=yvR454BuffE
Party Rock Anthem,83658556,AWESOMEME360,https://www.youtube.com/watch?v=ojimlMhuL_A
Gilt Chin,143441127,Peregrine,https://www.youtube.com/watch?v=R2trj95sEic
doradura,77114615,IvashkaUA,https://www.youtube.com/watch?v=Ucfuoj0nVaU
Project alter,107641215,soumpeixe,https://www.youtube.com/watch?v=KkY8qFj_EUg
Reunite,83268944,Skele,https://www.youtube.com/watch?v=p3QpgRVYjlM
Witching Hour,94083417,Zoink Doink,https://www.youtube.com/watch?v=n-wpn1pDMow
Deception Dive,34379100,Rustam,https://www.youtube.com/watch?v=jJIcx44_4-8
Reanimate,80335620,ilnm,https://www.youtube.com/watch?v=jk-r4_Nctes
Awakening Horus,39458641,Juhou,https://www.youtube.com/watch?v=YZYq1dQrQjY
Crowd Control,69491632,Deadlox,https://www.youtube.com/watch?v=-q0iBUZti9s
Miscellaneous Memory,83801688,Enfur,https://www.youtube.com/watch?v=g2XKqyHfM1M
FULLPOWER,121734502,Pericolo,https://www.youtube.com/watch?v=oCbxNXmTscI
OXI,103411024,Sycro,https://www.youtube.com/watch?v=uh0wo3P1Zx4
inMind,111266375,ImNotNuub,https://www.youtube.com/watch?v=Ewv8aUGC0Rk
aether (Zeptoz),77570274,Zeptoz,https://www.youtube.com/watch?v=wnsRuA_fGAs
Air Tech,77698239,Elevens,https://www.youtube.com/watch?v=sOKVtaWWiDg
Elite Z Rebirth,26157409,KrmaL,https://www.youtube.com/watch?v=B1GKgUNT8Q0
CYCLONE,54917442,BIANOX,https://www.youtube.com/watch?v=LyMplFv8txY
Neon Guts,89192645,doneitboye,https://www.youtube.com/watch?v=EzbrXoN79u4
Soundwave,121257148,Polarbeahr,https://www.youtube.com/watch?v=Rg5j82pr6x4
FanTasticLand,63422160,therealshun,https://www.youtube.com/watch?v=laFfGuf-pZc
Outside Eyesight,105884231,OliXor,https://www.youtube.com/watch?v=IGgM1aB6PY0
Faith,62419475,ZeroSR,https://www.youtube.com/watch?v=hOwAx1Mn6o8&t=254
Rayovac,97018999,Lykoz,https://www.youtube.com/watch?v=1ZoAoOmbptk
Malware II,50000528,Enlex,https://www.youtube.com/watch?v=9jBZSQRzEJA
CholeriX,40902405,Shaggy23,https://www.youtube.com/watch?v=V5m3SEDNen0
Polish Alphabet,48765988,AxolotlCamellia,https://www.youtube.com/watch?v=NXV3nDr1z2M
TROLLMACHINE,84325817,TROLLM4CHINE,https://www.youtube.com/watch?v=VSw1c3L8szo
Lonely Abyss,128908939,VamP,https://www.youtube.com/watch?v=92aRYqz7ut8
Red Moon,105114233,Tinraz,https://www.youtube.com/watch?v=dX2xYX-HUZ8
STRATUS,100485888,Woom,https://www.youtube.com/watch?v=3VQww22jJG0
it back,81744548,HangyKing,https://www.youtube.com/watch?v=I9Vmi2ZWIe4
night party,39242117,Rlol,https://www.youtube.com/watch?v=Qaccs52ps0E
FinKor,59585590,Mulpan,https://www.youtube.com/watch?v=0oD7DHhcSEw
peak,93160086,zookgd,https://www.youtube.com/watch?v=fjf2tKQh1-E
Voided,82598548,JustXSoos,https://www.youtube.com/watch?v=1Tkzv0DEMSM
UltraSans,50008168,PlebKingdom,https://www.youtube.com/watch?v=FuzkJmWdL2A
UNG,96512076,An Gyung,https://www.youtube.com/watch?v=ICvVhGHLFYA
Obscura,96039801,eridani,https://www.youtube.com/watch?v=mJPL-DgL_B8
Unknown Civilization,88912081,peng,https://www.youtube.com/watch?v=duPwSnlqTzk
DREAMS TAKE OVER,110194902,riley,https://www.youtube.com/watch?v=EVUk6vi-lHg
0 mind,111596039,iMinaY,https://www.youtube.com/watch?v=bDPl2INK0do
Vignette,70132215,Crouley,https://www.youtube.com/watch?v=2BBq8_81cjc
SHINE,116735521,sock,https://www.youtube.com/watch?v=Wxtm-bchAeA
Beyond the summit,94839390,MCres,https://www.youtube.com/watch?v=-gKraAnPEbA
CICADA3302,96036893,Darwin,https://www.youtube.com/watch?v=DsM-e8yF5ys
Maths,108558924,oleki,https://www.youtube.com/watch?v=-Nj1KrAUhTo
Color Beam,121243106,Bizaare,https://www.youtube.com/watch?v=n7dk8R4eE20
wiggle water,116352044,ikkyseen,https://www.youtube.com/watch?v=cLwtlAD3OG0
Daybreak,61537537,ZenthicAlpha,https://www.youtube.com/watch?v=_8-yMV4BF5s
Explosion,56889568,Eternaswip,https://www.youtube.com/watch?v=YP4erq-a4A4
Allegiance,20761188,nikroplays,https://www.youtube.com/watch?v=wzutYMNXr-Y
Boreas,86282138,-,https://www.youtube.com/watch?v=A7N-ysoXPWI&t=127s
BLACKLIGHTS,92782493,whlt,https://www.youtube.com/watch?v=mQk5NZ8fL4w
The Gins II,95481638,Doggie,https://www.youtube.com/watch?v=hJ9Y9HArMAI
Pessimism,109050674,royen,https://www.youtube.com/watch?v=ux5uSnCl9lw
Vertigo (PAHC),108664680,PAHC,https://www.youtube.com/watch?v=EnFM5WX66wc
imitation game,102562296,heatherhayes,https://www.youtube.com/watch?v=8EkT768IpxU
IDOL19,92128198,YouknowwhoGD,https://www.youtube.com/watch?v=F99uNqGRLz0
Jail Break,111336924,RadScorpionGD,https://www.youtube.com/watch?v=8RmAbrvFPt0
Existentia,117171216,namirashik,https://www.youtube.com/watch?v=i3Vyx3B4ks0
any percent,78722357,AWESOMEME360,https://www.youtube.com/watch?v=-zu78qYSbNw
Clock tower,105095161,ThePurgatory115,https://www.youtube.com/watch?v=S7IBVmryXZE
HyperSonic,30219145,-,https://www.youtube.com/watch?v=RmrPEJ7Z6lY
CITYFADE,104529377,MaxxoRMeN,https://www.youtube.com/watch?v=yaWKJ4F6GMg
Falsch,102682401,Pentu,https://www.youtube.com/watch?v=eJqGwql8cL4
PixelSonic,44788659,Fhewi,https://www.youtube.com/watch?v=9fJGTkKDiow
Just DANCE,60257058,Texic,https://www.youtube.com/watch?v=FZBB1QgDE-Y
Psycho Killer,128295414,Azuvy,https://youtu.be/HHKKUy1qn7w?si=i-Nh7t8zeRULQGg7
geography dash,102385165,MWZN,https://www.youtube.com/watch?v=2gc435GUn4I
Bruno Mars,88159604,-,https://youtu.be/CNNPPM3OGCk
Uplink,81726232,Skylarky,https://www.youtube.com/watch?v=Yl9Pqb9r5I8
Light Travel,62497003,dongchi,https://www.youtube.com/watch?v=bgoQtx-iwW0
The Tears Beneath,81725236,IFFFFFFFFFFFF,https://www.youtube.com/watch?v=-C0fct7Jc6Y
THE GLITCHTON,119744734,RanOutOfUsers,https://www.youtube.com/watch?v=5CxIcRSOrTY
LOOSE ENDS,133471757,para,https://youtu.be/-hTyj3XwrbY
Frenzy,91294711,Whippie37,https://www.youtube.com/watch?v=gLz_CxKGClU
Expedition,113155871,ClingingBog,https://www.youtube.com/watch?v=q8N1re2b8yA
Melon River,118931226,ivyteal,https://www.youtube.com/watch?v=jwbAbnEgq6Q
V O L L E Y,104336808,IcyWindy,https://www.youtube.com/watch?v=41Xm1i6exXo
My Own Funeral,115705826,//sayonar.,https://www.youtube.com/watch?v=AIMys3FwpZg
White Noise,68844390,Squizaaard,https://www.youtube.com/watch?v=1pIcfzT8ivc
Twilight Spire,109637861,Ice Rod,https://www.youtube.com/watch?v=pHhKjdDDdFg
iridium,91386392,spark,https://www.youtube.com/watch?v=V2oyvAEJhXU&t=0s
Cosmic Cluster II,93271158,AlrexX,https://www.youtube.com/watch?v=PuM3iaHdIo8
MORPHINE,114857275,notged25,https://www.youtube.com/watch?v=jNO_YHjdCd0
Falling Maze,71734488,YoReid,https://www.youtube.com/watch?v=v8JEyKOqbb8
Hydratic,59656281,MaxyLAND,https://www.youtube.com/watch?v=c6QHg2QRz5Q
Yggdrasil,94505292,Vismuth,https://www.youtube.com/watch?v=puqDIaVnaUg
Matilda the Machine,30157581,Jeyzor,https://www.youtube.com/watch?v=_ICKNhOQ4Tw
declassification,95471187,OnlinE_Play2137,https://www.youtube.com/watch?v=vvZaRLsAR5A&t=69s
Doop,51393047,WormFodder,https://www.youtube.com/watch?v=tL1mDVXVD7w
Phantasmagoria (Janucha),79142469,Janucha,https://www.youtube.com/watch?v=l2MUWqEO0bY
Virtual Collapse,62463489,TeamUprising,https://www.youtube.com/watch?v=38o9tSrPxn0
Thunder Alphabet,59230188,AxolotlCamellia,https://www.youtube.com/watch?v=AA8X-XFzrpQ
Redemption,66851981,Zest,https://youtu.be/fh40CXiI538
Schizophrenia,130627231,Majimellow,https://www.youtube.com/watch?v=KhOURv5sfi0&t=274s
The Flawless,21280210,fin,https://www.youtube.com/watch?v=RHOCE37dP2A
Robi,88172786,robianny,https://www.youtube.com/watch?v=fDY3Z7VEUng&t=0s
SORRYNOTSORRY,116039153,culobTV,https://youtu.be/JxeXU3s6gUE
boson,116579233,ZeroSR,https://www.youtube.com/watch?v=HLk2Q-dFg2E
Castling,57023074,Meroo,https://www.youtube.com/watch?v=0cMfW600dEo
BROOKLYNBLOODPOP,137097482,StarkytheSalad,https://www.youtube.com/watch?v=jngMzPsSEIA
AcropoliX,19300593,SoulsTRK,https://www.youtube.com/watch?v=9GrlZLD8wZ0
EdenCity,94892050,NateFH,https://www.youtube.com/watch?v=89nlKw2kn3Q
Incipient,32688321,Jenkins,https://www.youtube.com/watch?v=RoMt6_CVfnE
The Ultimate Demon,93939369,vit12,https://www.youtube.com/watch?v=C-LFHgp-oU0
Overlord,50026818,Kohtpojiep,https://www.youtube.com/watch?v=lkwvEAKhEm4
MELTDOWN,52527538,Darwin,https://www.youtube.com/watch?v=mAfwv6zvxCU
Helios,71728635,Canonlaw,https://www.youtube.com/watch?v=ITcZY9qL4Ug
POINTIERCRATE,123066284,Astrala,https://www.youtube.com/watch?v=PSa-ygQ9NW8
Hidden in the Sand,87481937,ASBCHazel,https://www.youtube.com/watch?v=IKa7NlT0AUQ
robotchief exposal,92729757,Madeliene,https://www.youtube.com/watch?v=7cSsPB6sdGE
Fishe,74914748,-,https://www.youtube.com/watch?v=LV-FYzkaPQo
Molten Iron,130645180,ssAZSss,https://www.youtube.com/watch?v=4d5IPGqHxqk
niflhel,90197147,Shard,https://www.youtube.com/watch?v=VfvJ40Pbdps
NEBULA,116019507,Lykoz,https://www.youtube.com/watch?v=R66C4xiLUXM
Empanadas Fugaces,50672705,Looou,https://www.youtube.com/watch?v=CM34-Y8PuYY
Booh,96043243,Ka1sa,https://www.youtube.com/watch?v=MA8m8vjyViw
Uprise,14977845,Blad3M,https://www.youtube.com/watch?v=4RhvXuFLBQc
violetwall,127661518,kaacu,https://youtu.be/pTzz9h8HJuw
Disruption,78687216,Ka1sa,https://www.youtube.com/watch?v=0GV7YeQWIZg
FISH FISH GODMODE,89807521,whoiskeve,https://www.youtube.com/watch?v=YMMzsot1w5I
Realtered,87153593,Elevens,https://www.youtube.com/watch?v=KtfuB-Z-q1E
Clarity,112412828,Hypno,https://www.youtube.com/watch?v=N2s11DsgL64
oGo,113716462,Joker179114,https://www.youtube.com/watch?v=WfGPdtXv9Ao
four (Turtl123),88719355,Turtl123,https://www.youtube.com/watch?v=5qGvTGW4UFE
Make it funky,102551828,Darcii,https://www.youtube.com/watch?v=Vvpc3f4EGLc
Cosmorush 21,21604884,Pennutoh,https://www.youtube.com/watch?v=rSqPsxx3TGE
Brimtanic Paradise,59535791,MadisonYuko,https://www.youtube.com/watch?v=gPnkjXUDWWc
Make It Drop,75518661,ryamu,https://www.youtube.com/watch?v=jQM6BuHQo0k
TerrorCore,92093417,Loogiah,https://www.youtube.com/watch?v=wmKx8_oSozE
Stop Breathing,108212471,NikVer,https://www.youtube.com/watch?v=3k9PQwu_BFo
Tung Tung Sahurcles,146066774,Arraegen,https://www.youtube.com/watch?v=oQJTjVd5i_M
Plasmatic,95565191,JumpingTheory,https://youtu.be/Yx2HBxCbdNg
Lights Out,73837161,Dashiell10,https://www.youtube.com/watch?v=Aqf4wQbkXu0&t=1s
Bangarang,112515547,LP44,https://www.youtube.com/watch?v=n62s5MuGdG4
BOOST,111880610,Azuvy,https://www.youtube.com/watch?v=axKPkAX9gkA
Dark Odyssey,69010770,JonathanGD,https://www.youtube.com/watch?v=5yJmsTvBZVU&t=433s
Dreamer,75162476,KiwiPenguin,https://www.youtube.com/watch?v=P-XDmYsvWsk
THIS CITY LIT,105409034,lee_,https://www.youtube.com/watch?v=VXFFtnFL-hc
Cerebral Torment,79807331,SirpotatOwO,https://www.youtube.com/watch?v=zQ1shKcIfQ8
Place,86917672,Spu7Nix,https://www.youtube.com/watch?v=TiJbTVSzGb8
Tesseract,52289646,iiLuna,https://www.youtube.com/watch?v=f_LSQNUOe9k
BLIND,125321427,Skele,https://www.youtube.com/watch?v=YG1102XJLn0
Reverie,62419638,GaidenHertuny,https://www.youtube.com/watch?v=hOwAx1Mn6o8
NIGHTLIGHTS,88943442,riley,https://www.youtube.com/watch?v=TdEb3QPzbwk
8o X,39641092,f3lixsram,https://www.youtube.com/watch?v=DLY4rYyV18M
story 2,106154722,lazer,https://www.youtube.com/watch?v=o7DmyC9l5MY
Ion,102352215,shmigels,https://www.youtube.com/watch?v=XOorv-ZPnh0
FAILURE,128531884,WayAway04,https://youtu.be/v1yMINseiH0
WHITE LIGHT,117563662,kreno,https://www.youtube.com/watch?v=_G2RZE9qLlk
Cold Level Go BRRRR,110479533,MrSupremeGD,https://www.youtube.com/watch?v=3UvPzwvl4vQ
Final Round,126509718,SleyGD,https://youtu.be/zNbug-PD-W0
Penombre,48454650,ZephiroX,https://www.youtube.com/watch?v=9PXrwNR7R0g
Grand Eclipse,126368623,BloomOcean,https://www.youtube.com/watch?v=JFq_O9d4L3s
Anya III,81257586,Anya21,https://www.youtube.com/watch?v=VNkYNa4W4TE
Forbidden Isle,63775846,Sillow,https://www.youtube.com/watch?v=ntwfv59VQYI
Aimbotter Force,87930093,Aimbotter2123,https://youtu.be/uWR31EQNWYg?si=wIoFoQjd7aYm49Le
The Lost Existence,45239692,JonathanGD,https://www.youtube.com/watch?v=XztPxRuKPi4
Insaction,57084298,Byboy11,https://www.youtube.com/watch?v=vfvadYEj_k0
OVERDRIVE (smango23),133401995,smango23,https://www.youtube.com/watch?v=NaFbIUhUz1E
Tech X,123247837,Pierce60,https://www.youtube.com/watch?v=gnnaTSrZx1M
XxXxXxXxXxX,86830933,AWESOMEME360,https://www.youtube.com/watch?v=FcZQJTIZHm8
Torgue,60516506,Ryder,https://www.youtube.com/watch?v=GDKqYSlKHVE
Liz,110980754,issanagay,https://www.youtube.com/watch?v=CTHlW4DKDPA
Snowdrift,88017017,Bratki,https://www.youtube.com/watch?v=Wu5mZGKQE98
FIREPOWER (Kapycta999),107281415,Kapycta999,https://www.youtube.com/watch?v=Ndtz6_D4ILY
Corrosion,58385535,Killa,https://www.youtube.com/watch?v=LU_m2998rzc
DEAD OF NIGHT (Split72),107539734,Split72,https://www.youtube.com/watch?v=Ptb1An6lzAw
Hollow,107854141,QuazeryIceCube,https://www.youtube.com/watch?v=iGFpbsbzF3s
verisimilitude,94587757,whlt,https://www.youtube.com/watch?v=mc_lCUghnOc
Malevolent,128362929,PlaEnterprise,https://www.youtube.com/watch?v=VqmqsySFTDI
Ogue,90902050,Kapycta999,https://www.youtube.com/watch?v=STMO0Ijbgqw
Pro Lov Ad,108335211,Wyntaee,https://www.youtube.com/watch?v=1AMTzdbAmkI
phantasmagoria (whlt),76670086,whlt,https://www.youtube.com/watch?v=NO4kwO_e7mg
smohcs,52448794,durianhead,https://youtu.be/Rm4kFjyFMkE
CONVOLVER,129550139,GoldSource,https://www.youtube.com/watch?v=sGAPzjcin7Y
Click Between Worlds,140571032,Somie,https://youtu.be/fHfI0aITgHk?si=nAYQlddq5BXE3rgw
Cataclysm,3979721,GgB0y,https://www.youtube.com/watch?v=dYt5fp5VGVs
HeatSeeker,109513812,Zeniux,https://www.youtube.com/watch?v=X9zXVJwT4PE
my worst level,127320494,MrPoopyBurger,https://www.youtube.com/watch?v=x0IeNND6ckI
Lost Love,85933508,TheBlackHell,https://www.youtube.com/watch?v=KGh4Fe5SmXc
ampere,128454710,SnowEye,https://youtu.be/51cvS-5dn4w?si=ZNLo83KlpKHomo9O
Ultimate Destruction,77408675,Soto205,https://youtu.be/vr1OgL50iEg?si=LjK_ooKg-l9Qvf25
Turnt Temp,108016996,Bibox,https://www.youtube.com/watch?v=mXfuJmb50Ho
encroaching dark,100041767,e3ea,https://youtu.be/zGu2c1vPjzI
Melancholy,78978591,Shulkern,https://youtu.be/-E2sYbUahNw
A Fleeting Reverie,123186264,exscher,https://youtu.be/nZg6ND62pS8
Twitch Denan,95914480,Kapycta999,https://www.youtube.com/watch?v=C9QlWRvSiJw
Komodo,41832323,Espii,https://www.youtube.com/watch?v=mvsM4i0TGYQ
Parallel Theory,100239627,SktLife,https://youtu.be/3qY9P9XVdls
Supernova,104895221,royen,https://www.youtube.com/watch?v=KWE1Mjo7gf8
Voluto,110027124,Sruj,https://www.youtube.com/watch?v=G63L2aTQ2vA
Gangnam Style,129573719,SkorchXP,https://youtu.be/seHi10BssQk
goober land,114784521,APTbutAwesome,https://youtu.be/NR8su-snNHo
GLISTEN,74924716,Squizaaard,https://www.youtube.com/watch?v=xL_0WkFxKeM
Destruction of God,44942295,RelayX,https://www.youtube.com/watch?v=lurvDdARrQE
ChloroPhyll,94767525,luhlamar ☀️,https://www.youtube.com/watch?v=a-esSeMLK9M
Kanpai,118613010,Kz04,https://www.youtube.com/watch?v=4vbiaKzNprE
Destination 19,82382742,bosjoker,https://www.youtube.com/watch?v=suWWiNjw54k
Nove Cerchi,96002712,LudiumGD,https://youtu.be/DhEdn31TXDM
IGAKU,119732476,ReymundoTK,https://youtu.be/Tz3HFTP4jqE
Shotgun,85972099,SpinStudios,https://www.youtube.com/watch?v=DAzkPVvj8Vo
Alcatraz,57208977,Asuith,https://youtu.be/e-C8ot5mG8k
Proteus,88943354,SpergQuos,https://www.youtube.com/watch?v=yHtq-kONTY8
eclipse,123344470,vit12,https://www.youtube.com/watch?v=lnXy6-t2Oek
9blue,95061038,Sardina,https://www.youtube.com/watch?v=90vj8BdelkY
Cognitive Capacity,121538082,Griffin128,https://youtu.be/3oYgvowi2kY
Hazy Memories,88559663,oleki,https://www.youtube.com/watch?v=lMQwdK4MU6Y
FEEL ALIVE,114231424,Loc9e,https://www.youtube.com/watch?v=TYUdu2yPIG8
Shimmering Chamber,93726172,Devilmine,https://www.youtube.com/watch?v=onqF8UvzrTw
Azurite (Sillow),62214792,Sillow,https://www.youtube.com/watch?v=yQRMhKruCPw
Paralysis,72506465,thazm,https://www.youtube.com/watch?v=2WW6heHj2gE
Flappy Dynamix II,71850733,RadiationV2,https://www.youtube.com/watch?v=Uirh0_f7u8E
Aurora (hasuopf),108190614,hasuopf,https://www.youtube.com/watch?v=izIanwLeZGk
Final Epilogue,28231603,Pennutoh,https://www.youtube.com/watch?v=5pIUGaJzfhw
The Depths Above,112371654,Bram4Real,https://www.youtube.com/watch?v=gba7-ej0Twc
Toxic Sewers,110416299,Achlys,https://www.youtube.com/watch?v=hN-0SZiLCdU
Crimson Citadel,113719961,Ryder,https://www.youtube.com/watch?v=7yeBj45XNwI
mischievousmechanism,110812956,fuze,https://www.youtube.com/watch?v=4lz5e3nuHQ8
UNLEASH WHALE WHALES,108459320,kovosrutek,https://www.youtube.com/watch?v=PWvSNUM-jXI
No Survivors,132458573,Fawxu,https://www.youtube.com/watch?v=RRfJY8-Xa2c
Artificial Climb,87033090,Rynoxious,https://www.youtube.com/watch?v=16cWzXB_JMc
Decay,84354027,KiwiPenguin,https://www.youtube.com/watch?v=uV3NEdoSKio
TANTRUM,61910810,DanZmeN,https://www.youtube.com/watch?v=4iTMCQMGz-U
Spectrum Blaze,40693278,Temp,https://www.youtube.com/watch?v=Y-jlr_N2GmE&t
Fun Friday,127135884,Zeronium,https://youtu.be/tEQbQgQ8WZ4
Wavetrip,118697760,BombCraft2010,https://www.youtube.com/watch?v=TKQtbj8dFi4
Sephtis,75857309,deThe,https://www.youtube.com/watch?v=JnMk4CLkyhw
Mystic Bounds,93549959,gmdmann,https://www.youtube.com/watch?v=Nqa36orr4cQ
2 0,7676557,AranyaDeCueva,https://youtu.be/gLh8KrNJnzE
Mizureta,95764848,dutchiee,https://www.youtube.com/watch?v=W6yjHbdAnxM
Misty Mountains,60708767,We4therMan,https://www.youtube.com/watch?v=LiJaBftzL2k
tensor,129365037,qjivxn,https://youtu.be/zUETFeVyOMQ?si=ZLjfQkD-ZIK_Ho5r
Freedom16,87326922,DShifter,https://www.youtube.com/watch?v=rssCmG1xlSc
niwa,87425029,Teno,https://www.youtube.com/watch?v=vegDZr7jh-M
Without U,119259720,NoobyPro27,https://www.youtube.com/watch?v=63cb6Rm3XJU
JeonGi,89224784,Lebi06,https://www.youtube.com/watch?v=CB4W1GqqTT8
Marching Band,134499333,chloechu,https://youtu.be/8KDKuZUdsW0
Duplication,88577065,Zeptoz,https://www.youtube.com/watch?v=IZLxeXGyHy4
Prismatic,107341811,CatGeo,https://www.youtube.com/watch?v=rw3afgiDQjw
Devils Disco,75350544,SodaZ,https://www.youtube.com/watch?v=F3CqtM8WwOA
ReVolution Unleashed,109540067,WayAway04,https://www.youtube.com/watch?v=QNoP0oYztaA
Erosion,105219294,Vizitek,https://www.youtube.com/watch?v=sxY4WhvjYx4
4 Matilda,75517608,Jeyzor,https://www.youtube.com/watch?v=2pudWuef1VI
lezicuv,13314218,Step4enko,https://www.youtube.com/watch?v=VLQ3bonuJo4
Me Lin A,95423156,nickxd,https://www.youtube.com/watch?v=N_mYwoJfDYU
Nostalgic Overdrive,96977745,hasuopf,https://www.youtube.com/watch?v=O2xtcKSWLyw
memories III,72651677,The4n1ma,https://www.youtube.com/watch?v=XI4SkaFqS5c
Pentakill,20142657,WOOGI1411,https://www.youtube.com/watch?v=6_jBD3xIlkk
Raindance,57019271,Milos482,https://www.youtube.com/watch?v=F_UXQyejl_A
BRUTAL,138356396,TShack,https://www.youtube.com/watch?v=y7aMuCOwjiI
teehee colon three,90661998,Wolvyy,https://www.youtube.com/watch?v=NIcEmXpeI68
BRAINWASH,114264278,plxzTM,https://www.youtube.com/watch?v=EzOSsvx9cjQ
troll level,76196489,Lexycat,https://www.youtube.com/watch?v=eqYr6MLwJE4
Shine For Me,132088589,BuiltInMacro,https://www.youtube.com/watch?v=UKzQ8b7hVcE
Lone,141662502,thazm,https://youtu.be/nY2WEHxrOdg?si=70gWky0DdZZc7FX4
The Winged Sword,94748298,Will1,https://www.youtube.com/watch?v=UKeW9KUxmn4
PARADISE POINT,113782971,psychothunder,https://youtu.be/0hFUvroZNb4
tran la luot,116935154,emily419,https://www.youtube.com/watch?v=Zc79zkAwBEo
Jumping Demons,117061407,Smarted,https://www.youtube.com/watch?v=TtabOvT_VOo
the super hotdog,109730342,AWESOMEME360,https://www.youtube.com/watch?v=ZCAD86pTv-4
Fallen Horizon,127305966,chloechu,https://www.youtube.com/watch?v=ngNeuF2u9so
ANNIHILATED,115370944,AlvaroPaws :3,https://www.youtube.com/watch?v=L4HnvBgPFyc
SIGSEGV,61936205,-,https://www.youtube.com/watch?v=RkKn5HWqpIM
Sweater Weather,81148582,VelYT,https://www.youtube.com/watch?v=y3Kk0ZvDqUM
squeak,123912413,chloechu,https://www.youtube.com/watch?v=TwjW7OYqBb8
Acu,61079355,neigefeu,https://www.youtube.com/watch?v=z6l74Mkoxm8
Monitor,125040851,-,https://www.youtube.com/watch?v=ebP5-2SfFZw
Through The Decay,114933189,spark,https://www.youtube.com/watch?v=focX-rT5_ec
Precipitance,60197839,Extravagon,https://www.youtube.com/watch?v=_W9xA5lqmLs
Red World,2374518,saRy,https://www.youtube.com/watch?v=hL24xcJPnyY
rauchkammer,146399247,Devilmine,https://www.youtube.com/watch?v=2SVOAQBiOtg
adjunto adnominal,137400971,soumpeixe,https://www.youtube.com/watch?v=GDnfBeXo11A
alimun,117888897,ItzMeson,https://www.youtube.com/watch?v=gVwIqHV5Nqc
Alternative Ascent,133512065,Konter,https://www.youtube.com/watch?v=xL2OiGklDBU
Artemis 13,148598469,mango,https://www.youtube.com/watch?v=FgjOM0ef1N8
bell,142398277,rozengerj,https://www.youtube.com/watch?v=xUJ-cV448AU
Breakcore,123674931,Woofel GD,https://www.youtube.com/watch?v=_H3KOVLE6gs
Cryptic Dream,130470828,DreamTide,https://www.youtube.com/watch?v=2Nu45I-GuI4
Curare,140793421,royen,https://www.youtube.com/watch?v=lay0PCWDAYM
DIENERS CANVAS,121553971,paranoiac,https://www.youtube.com/watch?v=Y9CWBzfQygc
Drowning,125995767,HaloZombies,https://www.youtube.com/watch?v=GamrxNmj91w
Enamored,140155271,3.1 :3,https://www.youtube.com/watch?v=Qc2Eg02Gpno
Flip Flop,136134097,Dashiell10,https://www.youtube.com/watch?v=zN2VcrTVKGA
Jump Down,138833445,TrashThrasher ,https://www.youtube.com/watch?v=-0N0FyyFJns
Lunacide,126014901,Hurooo,https://www.youtube.com/watch?v=qPxyqdjEDRg
MANIC,127776418,thazm,https://www.youtube.com/watch?v=9QK07IA3VNQ
MUSKY MOLD,108212677,wabug,https://www.youtube.com/watch?v=cmDAwPAZuUQ
Neophyte,122262777,GD Monkey,https://www.youtube.com/watch?v=1wYKtOy92Po
P a P a P,137507607,KiiwiStrawberry,https://www.youtube.com/watch?v=_pOeF57hujY
PHONY,129027405,TheBigCheese69,https://www.youtube.com/watch?v=l6PyirthdiM
Piano Man,94587857,Pukklez,https://www.youtube.com/watch?v=Z8FCAxGH4tE
plane map,133134005,hauntkami,https://www.youtube.com/watch?v=K1voiz3vvLs
RAMPANANT,136336179,SantiXgh,https://www.youtube.com/watch?v=k7biLF_TRAw
salowe vision,143421499,hexitine,https://www.youtube.com/watch?v=-KqspTBoUg8
SITE,144304575,Cobe,https://www.youtube.com/watch?v=kd7Wa-LCCGU
STRAIN,122827255,eMastres,https://www.youtube.com/watch?v=1j4LU1ESSxY
The Moon,121015695,Fhewi,https://www.youtube.com/watch?v=QO_i2hOTdPY
Turning Horizon,126940655,SantiXgh,https://www.youtube.com/watch?v=6wXFMarfAXg
ULTRA dimension,103919849,handsomeorange,https://www.youtube.com/watch?v=mevtbvPQ3ss
Unaltered,122938934,TheBigCheese69,https://www.youtube.com/watch?v=n2zUHKccYow
Vengeance,103790516,Cipha,https://www.youtube.com/watch?v=oWoG41aSl_s
wind,80259838,nothawkyre,https://www.youtube.com/watch?v=Kxx28QBnl4g
Withered Star,116507747,N1njacat9000,https://www.youtube.com/watch?v=9FdNXWwQtSM
XDAY,125504051,Gam3r2234,https://www.youtube.com/watch?v=Fbe03zZC_lQ
Xenolith (Zisthik),97303030,Zisthik,https://www.youtube.com/watch?v=n3cdX8Pr8Hc
